CREATE DATABASE  IF NOT EXISTS `dataanjo` /*!40100 DEFAULT CHARACTER SET utf8mb4 COLLATE utf8mb4_0900_ai_ci */ /*!80016 DEFAULT ENCRYPTION='N' */;
USE `dataanjo`;
-- MySQL dump 10.13  Distrib 8.0.25, for Linux (x86_64)
--
-- Host: 189.127.14.12    Database: dataanjo
-- ------------------------------------------------------
-- Server version	8.0.28

/*!40101 SET @OLD_CHARACTER_SET_CLIENT=@@CHARACTER_SET_CLIENT */;
/*!40101 SET @OLD_CHARACTER_SET_RESULTS=@@CHARACTER_SET_RESULTS */;
/*!40101 SET @OLD_COLLATION_CONNECTION=@@COLLATION_CONNECTION */;
/*!50503 SET NAMES utf8 */;
/*!40103 SET @OLD_TIME_ZONE=@@TIME_ZONE */;
/*!40103 SET TIME_ZONE='+00:00' */;
/*!40014 SET @OLD_UNIQUE_CHECKS=@@UNIQUE_CHECKS, UNIQUE_CHECKS=0 */;
/*!40014 SET @OLD_FOREIGN_KEY_CHECKS=@@FOREIGN_KEY_CHECKS, FOREIGN_KEY_CHECKS=0 */;
/*!40101 SET @OLD_SQL_MODE=@@SQL_MODE, SQL_MODE='NO_AUTO_VALUE_ON_ZERO' */;
/*!40111 SET @OLD_SQL_NOTES=@@SQL_NOTES, SQL_NOTES=0 */;

--
-- Table structure for table `auditlogs`
--

DROP TABLE IF EXISTS `auditlogs`;
/*!40101 SET @saved_cs_client     = @@character_set_client */;
/*!50503 SET character_set_client = utf8mb4 */;
CREATE TABLE `auditlogs` (
  `id` char(36) CHARACTER SET utf8mb4 COLLATE utf8mb4_bin NOT NULL,
  `entityName` varchar(255) NOT NULL,
  `entityId` varchar(255) NOT NULL,
  `tenantId` char(36) CHARACTER SET utf8mb4 COLLATE utf8mb4_bin DEFAULT NULL,
  `action` varchar(32) NOT NULL,
  `createdById` char(36) CHARACTER SET utf8mb4 COLLATE utf8mb4_bin DEFAULT NULL,
  `createdByEmail` varchar(255) DEFAULT NULL,
  `timestamp` datetime NOT NULL,
  `values` json NOT NULL,
  PRIMARY KEY (`id`)
) ENGINE=InnoDB DEFAULT CHARSET=utf8mb4 COLLATE=utf8mb4_0900_ai_ci;
/*!40101 SET character_set_client = @saved_cs_client */;

--
-- Dumping data for table `auditlogs`
--

LOCK TABLES `auditlogs` WRITE;
/*!40000 ALTER TABLE `auditlogs` DISABLE KEYS */;
INSERT INTO `auditlogs` VALUES ('01915bad-8b1e-4ab0-a795-ac12fc923b1d','cerimonia','8454edf1-85db-4c54-9936-54a4dbb0d67f','857b53fd-99aa-4e3f-9770-a377f8fddff7','create','ff1c57e0-6917-426c-9c66-3d47a9dadecc','crematorio@palhoca.com.br','2022-04-27 17:20:46','{\"id\": \"8454edf1-85db-4c54-9936-54a4dbb0d67f\", \"cpf\": \"096.237.019-34\", \"tenantId\": \"857b53fd-99aa-4e3f-9770-a377f8fddff7\", \"createdAt\": \"2022-04-27T17:20:46.849Z\", \"updatedAt\": \"2022-04-27T17:20:46.849Z\", \"createdById\": \"ff1c57e0-6917-426c-9c66-3d47a9dadecc\", \"isEncerrada\": false, \"updatedById\": \"ff1c57e0-6917-426c-9c66-3d47a9dadecc\", \"dataCerimonia\": \"2022-04-27\", \"idFunerariaId\": \"26ddb802-e82e-42bb-a634-687c199989a5\", \"responsavelId\": \"ff1c57e0-6917-426c-9c66-3d47a9dadecc\", \"nomeHomenageado\": \"Estanislau Euclides dos Santos\", \"responsavelNome\": \"Jane Marcia dos Santos\", \"emailResponsavel\": \"palhoca@crematoriocatarinense.com.br\", \"telefoneResponsavel\": \"(48) 99958-3589\"}'),('01dc19b4-a2c8-4336-9698-aa96ee8268d4','funeraria','1ac2d7cd-612b-4d6b-aee9-e63bfaaf7f3f','857b53fd-99aa-4e3f-9770-a377f8fddff7','update','56d9c8b3-6e52-4b38-aa53-d9bbd232d791','admin@teste.com.br','2022-04-25 18:28:55','{\"id\": \"1ac2d7cd-612b-4d6b-aee9-e63bfaaf7f3f\", \"cep\": \"53650799\", \"cnpj\": null, \"email\": \"45541160000186@email\", \"numero\": \"115\", \"empresa\": \"45541160000186\", \"telefone\": null, \"tenantId\": \"857b53fd-99aa-4e3f-9770-a377f8fddff7\", \"createdAt\": \"2022-04-25T18:25:37.000Z\", \"deletedAt\": null, \"updatedAt\": \"2022-04-25T18:27:44.000Z\", \"importHash\": null, \"complemento\": \"aaaaa\", \"createdById\": \"56d9c8b3-6e52-4b38-aa53-d9bbd232d791\", \"responsavel\": \"45541160000186\", \"updatedById\": \"56d9c8b3-6e52-4b38-aa53-d9bbd232d791\", \"nomeFuneraria\": null}'),('037b47d9-9b2c-4249-b4c5-ad3488ea8da9','cerimonia','702cab4f-545d-45a8-9ebc-ec5e8fb60f56','857b53fd-99aa-4e3f-9770-a377f8fddff7','update','ff1c57e0-6917-426c-9c66-3d47a9dadecc','crematorio@palhoca.com.br','2022-05-01 18:04:23','{\"id\": \"702cab4f-545d-45a8-9ebc-ec5e8fb60f56\", \"cpf\": \"561.301.479-53\", \"tenantId\": \"857b53fd-99aa-4e3f-9770-a377f8fddff7\", \"createdAt\": \"2022-05-01T17:58:40.000Z\", \"deletedAt\": null, \"updatedAt\": \"2022-05-01T18:04:23.111Z\", \"importHash\": null, \"createdById\": \"ff1c57e0-6917-426c-9c66-3d47a9dadecc\", \"isEncerrada\": true, \"updatedById\": \"ff1c57e0-6917-426c-9c66-3d47a9dadecc\", \"dataCerimonia\": \"2022-05-01\", \"idFunerariaId\": \"26ddb802-e82e-42bb-a634-687c199989a5\", \"responsavelId\": null, \"nomeHomenageado\": \"JORGE ANTONIO ELEOTERIO\", \"responsavelNome\": \"WERNER PAULI ELEOTERIO\", \"emailResponsavel\": \"WERNERPAULI@HOTMAIL.COM\", \"telefoneResponsavel\": \"(48) 98408-8019\"}'),('039560f3-bd98-4b57-91b0-284769b61610','cerimoniaData','fe372880-a035-4afe-a091-23dfe67a67e0','857b53fd-99aa-4e3f-9770-a377f8fddff7','create','56d9c8b3-6e52-4b38-aa53-d9bbd232d791','admin@teste.com.br','2022-04-20 20:04:39','{\"id\": \"fe372880-a035-4afe-a091-23dfe67a67e0\", \"nome\": \"GGD13KHS13880JD\", \"email\": \"NCERH@RRFDT.COM\", \"telefone\": \"(56) 56656-5566\", \"tenantId\": \"857b53fd-99aa-4e3f-9770-a377f8fddff7\", \"createdAt\": \"2022-04-20T20:04:39.298Z\", \"updatedAt\": \"2022-04-20T20:04:39.298Z\", \"cerimoniaId\": null, \"createdById\": \"56d9c8b3-6e52-4b38-aa53-d9bbd232d791\", \"updatedById\": \"56d9c8b3-6e52-4b38-aa53-d9bbd232d791\"}'),('03fe44fe-b33b-40ef-8758-738e37788bc7','user','da4dd1e0-5bae-46ef-904c-7fcf30eb8eb4',NULL,'create',NULL,NULL,'2022-04-26 13:20:02','{\"id\": \"da4dd1e0-5bae-46ef-904c-7fcf30eb8eb4\", \"email\": \"email1010100@teste.net.oul\", \"fullName\": \"empresateste101\", \"lastName\": null, \"createdAt\": \"2022-04-26T13:20:02.281Z\", \"firstName\": \"empresateste101\", \"updatedAt\": \"2022-04-26T13:20:02.281Z\", \"emailVerified\": false}'),('06a7cea6-8611-47e8-afe5-2e529ad92b5d','cerimonia','0e0f788f-87d8-4baf-af0f-6d722f9c0fe4','857b53fd-99aa-4e3f-9770-a377f8fddff7','update','ff1c57e0-6917-426c-9c66-3d47a9dadecc','crematorio@palhoca.com.br','2022-05-13 16:18:15','{\"id\": \"0e0f788f-87d8-4baf-af0f-6d722f9c0fe4\", \"cpf\": \"712.959.509-44\", \"tenantId\": \"857b53fd-99aa-4e3f-9770-a377f8fddff7\", \"createdAt\": \"2022-05-13T11:00:57.000Z\", \"deletedAt\": null, \"updatedAt\": \"2022-05-13T16:18:15.455Z\", \"importHash\": null, \"createdById\": \"ff1c57e0-6917-426c-9c66-3d47a9dadecc\", \"isEncerrada\": true, \"updatedById\": \"ff1c57e0-6917-426c-9c66-3d47a9dadecc\", \"dataCerimonia\": \"2022-05-13\", \"idFunerariaId\": \"26ddb802-e82e-42bb-a634-687c199989a5\", \"responsavelId\": null, \"nomeHomenageado\": \"JOSE JOAO MAFRA\", \"responsavelNome\": \"LUANA MARIA MAFRA\", \"emailResponsavel\": \"LUANAMAFRA@HOTMAIL.COM\", \"telefoneResponsavel\": \"(48) 98407-8760\"}'),('0ebcbe47-1c70-4887-848c-888c9ee4a737','user','d675e448-7f7a-4b28-8ad3-82798fc0d09f',NULL,'create',NULL,NULL,'2022-04-26 11:17:38','{\"id\": \"d675e448-7f7a-4b28-8ad3-82798fc0d09f\", \"email\": \"teste@emailteste.net.oul\", \"fullName\": \"teste\", \"lastName\": null, \"createdAt\": \"2022-04-26T11:17:37.646Z\", \"firstName\": \"teste\", \"updatedAt\": \"2022-04-26T11:17:37.646Z\", \"emailVerified\": false}'),('0ee9de78-e977-4a0f-893c-7c2ea9e16c41','user','19230bb9-fe9c-43e3-83e9-47f6daf1d4cd',NULL,'create','19230bb9-fe9c-43e3-83e9-47f6daf1d4cd','jnr0@gmail.com','2022-04-28 12:22:45','{\"email\": \"jnr0@gmail.com\", \"roles\": [\"enterprise\"], \"status\": \"active\"}'),('1051acde-afc6-4b0e-81c0-4bd483953324','cerimonia','7623dea3-49c4-4e22-a968-e7abfc48537a','857b53fd-99aa-4e3f-9770-a377f8fddff7','update','da4dd1e0-5bae-46ef-904c-7fcf30eb8eb4','email1010100@teste.net.oul','2022-04-27 14:19:19','{\"id\": \"7623dea3-49c4-4e22-a968-e7abfc48537a\", \"cpf\": \"144.183.264-56\", \"tenantId\": \"857b53fd-99aa-4e3f-9770-a377f8fddff7\", \"createdAt\": \"2022-04-26T17:32:21.000Z\", \"deletedAt\": null, \"updatedAt\": \"2022-04-27T14:18:21.000Z\", \"importHash\": null, \"createdById\": \"da4dd1e0-5bae-46ef-904c-7fcf30eb8eb4\", \"isEncerrada\": true, \"updatedById\": \"da4dd1e0-5bae-46ef-904c-7fcf30eb8eb4\", \"dataCerimonia\": \"2022-04-27\", \"idFunerariaId\": \"c20ed143-d396-43c7-999d-ff2d6d5adec7\", \"responsavelId\": null, \"nomeHomenageado\": \"teste\", \"responsavelNome\": \"blabla\", \"emailResponsavel\": \"teste@teste.com\", \"telefoneResponsavel\": \"(19) 46549-4633\"}'),('117d02b0-06f5-464d-a224-c873815a4626','cerimoniaData','dd8ed2a1-e66c-422f-b925-c6d063e9f2b2','857b53fd-99aa-4e3f-9770-a377f8fddff7','create','ff1c57e0-6917-426c-9c66-3d47a9dadecc','crematorio@palhoca.com.br','2022-04-27 15:44:33','{\"id\": \"dd8ed2a1-e66c-422f-b925-c6d063e9f2b2\", \"nome\": \"YYYYY\", \"email\": \"\", \"telefone\": \"55522222\", \"tenantId\": \"857b53fd-99aa-4e3f-9770-a377f8fddff7\", \"createdAt\": \"2022-04-27T15:44:33.769Z\", \"updatedAt\": \"2022-04-27T15:44:33.769Z\", \"cerimoniaId\": \"dd21565d-5c3e-41c5-bcb1-97f26a7fd577\", \"createdById\": \"ff1c57e0-6917-426c-9c66-3d47a9dadecc\", \"updatedById\": \"ff1c57e0-6917-426c-9c66-3d47a9dadecc\", \"idFunerariaId\": \"26ddb802-e82e-42bb-a634-687c199989a5\"}'),('1235425e-a111-4816-8610-5660daf1e236','cerimonia','828b393d-e328-44f2-ba5a-b46ec443ee2c','857b53fd-99aa-4e3f-9770-a377f8fddff7','create','56d9c8b3-6e52-4b38-aa53-d9bbd232d791','admin@teste.com.br','2022-04-20 20:02:13','{\"id\": \"828b393d-e328-44f2-ba5a-b46ec443ee2c\", \"cpf\": \"935.018.790-67\", \"tenantId\": \"857b53fd-99aa-4e3f-9770-a377f8fddff7\", \"createdAt\": \"2022-04-20T20:02:13.759Z\", \"updatedAt\": \"2022-04-20T20:02:13.759Z\", \"createdById\": \"56d9c8b3-6e52-4b38-aa53-d9bbd232d791\", \"isEncerrada\": false, \"updatedById\": \"56d9c8b3-6e52-4b38-aa53-d9bbd232d791\", \"dataCerimonia\": \"2022-04-22\", \"responsavelId\": \"56d9c8b3-6e52-4b38-aa53-d9bbd232d791\", \"nomeHomenageado\": \"nometeste\", \"responsavelNome\": \"Admin@123\", \"emailResponsavel\": \"admin@teste.com.br\", \"telefoneResponsavel\": \"\"}'),('14dc7cb6-26eb-4ec1-a984-faa4e8253c07','cerimoniaData','1e528ced-c0ff-4a70-9561-81c469affd5c','857b53fd-99aa-4e3f-9770-a377f8fddff7','create','ff1c57e0-6917-426c-9c66-3d47a9dadecc','crematorio@palhoca.com.br','2022-05-01 20:24:40','{\"id\": \"1e528ced-c0ff-4a70-9561-81c469affd5c\", \"nome\": \"SANDRA\", \"email\": \"\", \"telefone\": \"4899938266\", \"tenantId\": \"857b53fd-99aa-4e3f-9770-a377f8fddff7\", \"createdAt\": \"2022-05-01T20:24:40.937Z\", \"updatedAt\": \"2022-05-01T20:24:40.937Z\", \"cerimoniaId\": \"a82e28a6-31c0-4bf4-8f4a-d4f0c5daf918\", \"createdById\": \"ff1c57e0-6917-426c-9c66-3d47a9dadecc\", \"updatedById\": \"ff1c57e0-6917-426c-9c66-3d47a9dadecc\", \"idFunerariaId\": \"26ddb802-e82e-42bb-a634-687c199989a5\"}'),('16ac65ee-1fa3-4f9d-ac84-8ba73b69151d','cerimonia','25312516-8e28-41bf-b787-96c831e8c2b2','857b53fd-99aa-4e3f-9770-a377f8fddff7','create','ff1c57e0-6917-426c-9c66-3d47a9dadecc','crematorio@palhoca.com.br','2022-05-02 11:19:19','{\"id\": \"25312516-8e28-41bf-b787-96c831e8c2b2\", \"cpf\": \"314.677.927-72\", \"tenantId\": \"857b53fd-99aa-4e3f-9770-a377f8fddff7\", \"createdAt\": \"2022-05-02T11:19:19.340Z\", \"updatedAt\": \"2022-05-02T11:19:19.340Z\", \"createdById\": \"ff1c57e0-6917-426c-9c66-3d47a9dadecc\", \"isEncerrada\": false, \"updatedById\": \"ff1c57e0-6917-426c-9c66-3d47a9dadecc\", \"dataCerimonia\": \"2022-05-02\", \"idFunerariaId\": \"26ddb802-e82e-42bb-a634-687c199989a5\", \"responsavelId\": \"ff1c57e0-6917-426c-9c66-3d47a9dadecc\", \"nomeHomenageado\": \"JOAO FRANCISCO DE SOUZA\", \"responsavelNome\": \"ALEX JUVENCIO DE SOUZA\", \"emailResponsavel\": \"palhoca@crematoriocatarinense.com.br\", \"telefoneResponsavel\": \"(48) 99972-9170\"}'),('1a3a5562-3e55-4a10-89fb-991697a8e97f','cerimoniaData','6e388cab-c147-484a-9069-ab9a1745a7a9','857b53fd-99aa-4e3f-9770-a377f8fddff7','create','ff1c57e0-6917-426c-9c66-3d47a9dadecc','crematorio@palhoca.com.br','2022-05-13 19:16:53','{\"id\": \"6e388cab-c147-484a-9069-ab9a1745a7a9\", \"nome\": \"MARINA NEVES FOGAÇA\", \"email\": \"\", \"telefone\": \"47988299982\", \"tenantId\": \"857b53fd-99aa-4e3f-9770-a377f8fddff7\", \"createdAt\": \"2022-05-13T19:16:52.977Z\", \"updatedAt\": \"2022-05-13T19:16:52.977Z\", \"cerimoniaId\": \"f1769335-ef56-4a44-9fd4-65ce3e0b87d6\", \"createdById\": \"ff1c57e0-6917-426c-9c66-3d47a9dadecc\", \"updatedById\": \"ff1c57e0-6917-426c-9c66-3d47a9dadecc\", \"idFunerariaId\": \"26ddb802-e82e-42bb-a634-687c199989a5\"}'),('1a9978f4-ceea-4c71-9c0f-adefe0546913','funeraria','0dc54fe4-54bd-4591-8618-8b9805a0da42','857b53fd-99aa-4e3f-9770-a377f8fddff7','create','56d9c8b3-6e52-4b38-aa53-d9bbd232d791','admin@teste.com.br','2022-04-26 15:17:52','{\"id\": \"0dc54fe4-54bd-4591-8618-8b9805a0da42\", \"cep\": \"5465\", \"cnpj\": \"31.943.413/0001-33\", \"email\": \"teste123@123.com\", \"numero\": \"54\", \"empresa\": \"crematório catarinense teste\", \"telefone\": \"(45) 64___-____\", \"tenantId\": \"857b53fd-99aa-4e3f-9770-a377f8fddff7\", \"createdAt\": \"2022-04-26T15:17:52.349Z\", \"updatedAt\": \"2022-04-26T15:17:52.349Z\", \"complemento\": \"645\", \"createdById\": \"56d9c8b3-6e52-4b38-aa53-d9bbd232d791\", \"responsavel\": \"mksda\", \"updatedById\": \"56d9c8b3-6e52-4b38-aa53-d9bbd232d791\"}'),('1e075b60-8689-470e-ba8b-42953d3030bd','cerimoniaData','531d7c78-cae6-45b5-ad05-b065f36039b1','857b53fd-99aa-4e3f-9770-a377f8fddff7','create','ff1c57e0-6917-426c-9c66-3d47a9dadecc','crematorio@palhoca.com.br','2022-04-27 17:22:00','{\"id\": \"531d7c78-cae6-45b5-ad05-b065f36039b1\", \"nome\": \"DGYFSD\", \"email\": \"\", \"telefone\": \"521885523698\", \"tenantId\": \"857b53fd-99aa-4e3f-9770-a377f8fddff7\", \"createdAt\": \"2022-04-27T17:22:00.499Z\", \"updatedAt\": \"2022-04-27T17:22:00.499Z\", \"cerimoniaId\": \"8454edf1-85db-4c54-9936-54a4dbb0d67f\", \"createdById\": \"ff1c57e0-6917-426c-9c66-3d47a9dadecc\", \"updatedById\": \"ff1c57e0-6917-426c-9c66-3d47a9dadecc\", \"idFunerariaId\": \"26ddb802-e82e-42bb-a634-687c199989a5\"}'),('1fdd1d89-15cd-4a5f-999f-08cf3bcc1a4c','cerimoniaData','791d1cc4-2189-4d0d-b71a-92eadd92d029','857b53fd-99aa-4e3f-9770-a377f8fddff7','create','da4dd1e0-5bae-46ef-904c-7fcf30eb8eb4','email1010100@teste.net.oul','2022-04-27 17:02:41','{\"id\": \"791d1cc4-2189-4d0d-b71a-92eadd92d029\", \"nome\": \"zxbcfhfcsfh\", \"email\": \"\", \"telefone\": \"(32) 41456-4642\", \"tenantId\": \"857b53fd-99aa-4e3f-9770-a377f8fddff7\", \"createdAt\": \"2022-04-27T17:02:41.897Z\", \"updatedAt\": \"2022-04-27T17:02:41.897Z\", \"cerimoniaId\": \"4a219312-c074-4133-8b0a-b56d1a2a8882\", \"createdById\": \"da4dd1e0-5bae-46ef-904c-7fcf30eb8eb4\", \"updatedById\": \"da4dd1e0-5bae-46ef-904c-7fcf30eb8eb4\", \"idFunerariaId\": \"c20ed143-d396-43c7-999d-ff2d6d5adec7\"}'),('23d668ef-3f89-4aeb-9ed6-e0fce59948dd','cerimoniaData','0f1de0cb-9d4d-49b6-be2b-c3394afe283f','857b53fd-99aa-4e3f-9770-a377f8fddff7','create','330b3fa3-b3cd-4a0a-be3b-cb753e7e7180','123@123.com','2022-04-26 15:11:19','{\"id\": \"0f1de0cb-9d4d-49b6-be2b-c3394afe283f\", \"nome\": \"GGFFFRR\", \"email\": \"\", \"telefone\": \"2558888888888\", \"tenantId\": \"857b53fd-99aa-4e3f-9770-a377f8fddff7\", \"createdAt\": \"2022-04-26T15:11:19.193Z\", \"updatedAt\": \"2022-04-26T15:11:19.193Z\", \"cerimoniaId\": \"fb775e34-d186-42b9-abc9-0774d3462d16\", \"createdById\": \"330b3fa3-b3cd-4a0a-be3b-cb753e7e7180\", \"updatedById\": \"330b3fa3-b3cd-4a0a-be3b-cb753e7e7180\"}'),('27d436b2-980f-4b36-87a4-b0f8c115168d','cerimonia','d405cf73-0648-4641-a764-808899d3ad9e','857b53fd-99aa-4e3f-9770-a377f8fddff7','create','56d9c8b3-6e52-4b38-aa53-d9bbd232d791','admin@teste.com.br','2022-04-25 19:18:41','{\"id\": \"d405cf73-0648-4641-a764-808899d3ad9e\", \"cpf\": \"379.307.110-30\", \"tenantId\": \"857b53fd-99aa-4e3f-9770-a377f8fddff7\", \"createdAt\": \"2022-04-25T19:18:41.816Z\", \"updatedAt\": \"2022-04-25T19:18:41.816Z\", \"createdById\": \"56d9c8b3-6e52-4b38-aa53-d9bbd232d791\", \"isEncerrada\": false, \"updatedById\": \"56d9c8b3-6e52-4b38-aa53-d9bbd232d791\", \"dataCerimonia\": \"2022-04-26\", \"responsavelId\": \"56d9c8b3-6e52-4b38-aa53-d9bbd232d791\", \"nomeHomenageado\": \"joao costa\", \"responsavelNome\": \"carla\", \"emailResponsavel\": \"asda@gmail.com\", \"telefoneResponsavel\": \"(19) 98311-5952\"}'),('28423dab-f0ff-4590-ac0f-629294c10cb8','funeraria','0b14c98a-8c79-444f-b9e2-69c7f8580c52','857b53fd-99aa-4e3f-9770-a377f8fddff7','create','56d9c8b3-6e52-4b38-aa53-d9bbd232d791','admin@teste.com.br','2022-04-28 12:45:16','{\"id\": \"0b14c98a-8c79-444f-b9e2-69c7f8580c52\", \"cep\": \"122345580\", \"cnpj\": \"04981410203\", \"email\": \"jnr0444@gmail.com\", \"numero\": \"52\", \"empresa\": \"Oi\", \"telefone\": \"12997972034\", \"tenantId\": \"857b53fd-99aa-4e3f-9770-a377f8fddff7\", \"createdAt\": \"2022-04-28T12:45:16.671Z\", \"updatedAt\": \"2022-04-28T12:45:16.671Z\", \"createdById\": \"56d9c8b3-6e52-4b38-aa53-d9bbd232d791\", \"responsavel\": \"123\", \"updatedById\": \"56d9c8b3-6e52-4b38-aa53-d9bbd232d791\"}'),('297f13a4-665b-4467-88fe-0194833ad886','cerimoniaData','41feed78-d91a-46da-bd9b-02f8907819a8','857b53fd-99aa-4e3f-9770-a377f8fddff7','create','ff1c57e0-6917-426c-9c66-3d47a9dadecc','crematorio@palhoca.com.br','2022-05-02 12:43:08','{\"id\": \"41feed78-d91a-46da-bd9b-02f8907819a8\", \"nome\": \"ALEX JUVENCIO DE SOUZA\", \"email\": \"\", \"telefone\": \"48999729170\", \"tenantId\": \"857b53fd-99aa-4e3f-9770-a377f8fddff7\", \"createdAt\": \"2022-05-02T12:43:08.517Z\", \"updatedAt\": \"2022-05-02T12:43:08.517Z\", \"cerimoniaId\": \"25312516-8e28-41bf-b787-96c831e8c2b2\", \"createdById\": \"ff1c57e0-6917-426c-9c66-3d47a9dadecc\", \"updatedById\": \"ff1c57e0-6917-426c-9c66-3d47a9dadecc\", \"idFunerariaId\": \"26ddb802-e82e-42bb-a634-687c199989a5\"}'),('29f2cc24-2ce2-44c0-891f-d8680440c81b','cerimonia','efc25c77-a5c4-45eb-8a17-8c2c0427701c','857b53fd-99aa-4e3f-9770-a377f8fddff7','update','da4dd1e0-5bae-46ef-904c-7fcf30eb8eb4','email1010100@teste.net.oul','2022-04-27 13:44:48','{\"id\": \"efc25c77-a5c4-45eb-8a17-8c2c0427701c\", \"cpf\": \"001.770.510-00\", \"tenantId\": \"857b53fd-99aa-4e3f-9770-a377f8fddff7\", \"createdAt\": \"2022-04-27T13:42:30.000Z\", \"deletedAt\": null, \"updatedAt\": \"2022-04-27T13:44:47.960Z\", \"importHash\": null, \"createdById\": \"da4dd1e0-5bae-46ef-904c-7fcf30eb8eb4\", \"isEncerrada\": true, \"updatedById\": \"da4dd1e0-5bae-46ef-904c-7fcf30eb8eb4\", \"dataCerimonia\": \"2022-04-27\", \"idFunerariaId\": \"c20ed143-d396-43c7-999d-ff2d6d5adec7\", \"responsavelId\": null, \"nomeHomenageado\": \"Beatriz\", \"responsavelNome\": \"ricardo\", \"emailResponsavel\": \"ricardo.galacho@technite.com.br\", \"telefoneResponsavel\": \"(94) 16729-96__\"}'),('2c083d88-978c-4904-ba2e-e4f841d7a565','user','56d9c8b3-6e52-4b38-aa53-d9bbd232d791',NULL,'create','56d9c8b3-6e52-4b38-aa53-d9bbd232d791','admin@teste.com.br','2022-04-20 19:57:50','{\"email\": \"admin@teste.com.br\", \"roles\": [\"admin\"], \"status\": \"active\"}'),('2c0be273-accc-467d-9c01-ab3fcee6e08a','cerimonia','7623dea3-49c4-4e22-a968-e7abfc48537a','857b53fd-99aa-4e3f-9770-a377f8fddff7','update','da4dd1e0-5bae-46ef-904c-7fcf30eb8eb4','email1010100@teste.net.oul','2022-04-27 14:20:17','{\"id\": \"7623dea3-49c4-4e22-a968-e7abfc48537a\", \"cpf\": \"144.183.264-56\", \"tenantId\": \"857b53fd-99aa-4e3f-9770-a377f8fddff7\", \"createdAt\": \"2022-04-26T17:32:21.000Z\", \"deletedAt\": null, \"updatedAt\": \"2022-04-27T14:18:21.000Z\", \"importHash\": null, \"createdById\": \"da4dd1e0-5bae-46ef-904c-7fcf30eb8eb4\", \"isEncerrada\": true, \"updatedById\": \"da4dd1e0-5bae-46ef-904c-7fcf30eb8eb4\", \"dataCerimonia\": \"2022-04-27\", \"idFunerariaId\": \"c20ed143-d396-43c7-999d-ff2d6d5adec7\", \"responsavelId\": null, \"nomeHomenageado\": \"teste\", \"responsavelNome\": \"blabla\", \"emailResponsavel\": \"teste@teste.com\", \"telefoneResponsavel\": \"(19) 46549-4633\"}'),('2c246de6-d2c0-4814-950a-541e6fe2a0c9','cerimoniaData','04544158-bc86-4863-980b-dedd520302bd','857b53fd-99aa-4e3f-9770-a377f8fddff7','create','56d9c8b3-6e52-4b38-aa53-d9bbd232d791','admin@teste.com.br','2022-04-26 14:34:32','{\"id\": \"04544158-bc86-4863-980b-dedd520302bd\", \"nome\": \"GFFF\", \"email\": \"\", \"telefone\": \"288888888888\", \"tenantId\": \"857b53fd-99aa-4e3f-9770-a377f8fddff7\", \"createdAt\": \"2022-04-26T14:34:32.046Z\", \"updatedAt\": \"2022-04-26T14:34:32.046Z\", \"cerimoniaId\": \"5e58b678-ef82-4d1e-94e8-f5d131f2f935\", \"createdById\": \"56d9c8b3-6e52-4b38-aa53-d9bbd232d791\", \"updatedById\": \"56d9c8b3-6e52-4b38-aa53-d9bbd232d791\"}'),('3040cab9-c8b2-4f98-98e0-d766cf814cc2','cerimonia','ee190f4e-3268-43e7-ae5e-ce5a17475f34','857b53fd-99aa-4e3f-9770-a377f8fddff7','create','56d9c8b3-6e52-4b38-aa53-d9bbd232d791','admin@teste.com.br','2022-04-20 20:17:46','{\"id\": \"ee190f4e-3268-43e7-ae5e-ce5a17475f34\", \"cpf\": \"040.229.460-24\", \"tenantId\": \"857b53fd-99aa-4e3f-9770-a377f8fddff7\", \"createdAt\": \"2022-04-20T20:17:46.285Z\", \"updatedAt\": \"2022-04-20T20:17:46.285Z\", \"createdById\": \"56d9c8b3-6e52-4b38-aa53-d9bbd232d791\", \"isEncerrada\": false, \"updatedById\": \"56d9c8b3-6e52-4b38-aa53-d9bbd232d791\", \"dataCerimonia\": \"2022-04-21\", \"responsavelId\": \"56d9c8b3-6e52-4b38-aa53-d9bbd232d791\", \"nomeHomenageado\": \"joão\", \"responsavelNome\": \"Admin@123\", \"emailResponsavel\": \"admin@teste.com.br\", \"telefoneResponsavel\": \"\"}'),('30f11195-90cb-4401-9e1b-ca3a6a4b6940','cerimonia','b323f1f2-1985-4968-a38e-6080f0403e1e','857b53fd-99aa-4e3f-9770-a377f8fddff7','create','da4dd1e0-5bae-46ef-904c-7fcf30eb8eb4','email1010100@teste.net.oul','2022-04-26 16:54:28','{\"id\": \"b323f1f2-1985-4968-a38e-6080f0403e1e\", \"cpf\": \"156.170.460-12\", \"tenantId\": \"857b53fd-99aa-4e3f-9770-a377f8fddff7\", \"createdAt\": \"2022-04-26T16:54:28.612Z\", \"updatedAt\": \"2022-04-26T16:54:28.612Z\", \"createdById\": \"da4dd1e0-5bae-46ef-904c-7fcf30eb8eb4\", \"isEncerrada\": false, \"updatedById\": \"da4dd1e0-5bae-46ef-904c-7fcf30eb8eb4\", \"dataCerimonia\": \"2022-04-26\", \"idFunerariaId\": \"c20ed143-d396-43c7-999d-ff2d6d5adec7\", \"responsavelId\": \"da4dd1e0-5bae-46ef-904c-7fcf30eb8eb4\", \"nomeHomenageado\": \"Jotinha\", \"responsavelNome\": \"Beatriz\", \"emailResponsavel\": \"beatriz@teste.oul\", \"telefoneResponsavel\": \"(54) 54881-8133\"}'),('31a6190d-884d-4add-ae0e-397b93b94e43','cerimonia','1276b484-6a46-47c3-afe5-2bdfdd8fc185','857b53fd-99aa-4e3f-9770-a377f8fddff7','create','ff1c57e0-6917-426c-9c66-3d47a9dadecc','crematorio@palhoca.com.br','2022-04-28 11:40:03','{\"id\": \"1276b484-6a46-47c3-afe5-2bdfdd8fc185\", \"cpf\": \"733.045.819-87\", \"tenantId\": \"857b53fd-99aa-4e3f-9770-a377f8fddff7\", \"createdAt\": \"2022-04-28T11:40:03.131Z\", \"updatedAt\": \"2022-04-28T11:40:03.131Z\", \"createdById\": \"ff1c57e0-6917-426c-9c66-3d47a9dadecc\", \"isEncerrada\": false, \"updatedById\": \"ff1c57e0-6917-426c-9c66-3d47a9dadecc\", \"dataCerimonia\": \"2022-04-28\", \"idFunerariaId\": \"26ddb802-e82e-42bb-a634-687c199989a5\", \"responsavelId\": \"ff1c57e0-6917-426c-9c66-3d47a9dadecc\", \"nomeHomenageado\": \"VERONICA MAÇANEIRO\", \"responsavelNome\": \"CLAUDIO DA SILVA\", \"emailResponsavel\": \"palhoca@crematoriocatarinense.com.br\", \"telefoneResponsavel\": \"(48) 99601-3103\"}'),('34171070-4c8a-477d-bfdb-6e21e9e984ba','cerimoniaData','6ae9781d-dd9a-4585-9781-8f5ca12871cf','857b53fd-99aa-4e3f-9770-a377f8fddff7','create','ff1c57e0-6917-426c-9c66-3d47a9dadecc','crematorio@palhoca.com.br','2022-04-27 15:44:42','{\"id\": \"6ae9781d-dd9a-4585-9781-8f5ca12871cf\", \"nome\": \"HHHHG\", \"email\": \"\", \"telefone\": \"555\", \"tenantId\": \"857b53fd-99aa-4e3f-9770-a377f8fddff7\", \"createdAt\": \"2022-04-27T15:44:42.794Z\", \"updatedAt\": \"2022-04-27T15:44:42.794Z\", \"cerimoniaId\": \"dd21565d-5c3e-41c5-bcb1-97f26a7fd577\", \"createdById\": \"ff1c57e0-6917-426c-9c66-3d47a9dadecc\", \"updatedById\": \"ff1c57e0-6917-426c-9c66-3d47a9dadecc\", \"idFunerariaId\": \"26ddb802-e82e-42bb-a634-687c199989a5\"}'),('378cac25-4001-4525-a0ed-1b02e9b86265','cerimoniaData','94af375a-b0ab-418f-b274-d6997e4b44fe','857b53fd-99aa-4e3f-9770-a377f8fddff7','create','ff1c57e0-6917-426c-9c66-3d47a9dadecc','crematorio@palhoca.com.br','2022-04-28 21:42:23','{\"id\": \"94af375a-b0ab-418f-b274-d6997e4b44fe\", \"nome\": \"WANWSS\", \"email\": \"\", \"telefone\": \"48991826845\", \"tenantId\": \"857b53fd-99aa-4e3f-9770-a377f8fddff7\", \"createdAt\": \"2022-04-28T21:42:23.771Z\", \"updatedAt\": \"2022-04-28T21:42:23.771Z\", \"cerimoniaId\": \"1276b484-6a46-47c3-afe5-2bdfdd8fc185\", \"createdById\": \"ff1c57e0-6917-426c-9c66-3d47a9dadecc\", \"updatedById\": \"ff1c57e0-6917-426c-9c66-3d47a9dadecc\", \"idFunerariaId\": \"26ddb802-e82e-42bb-a634-687c199989a5\"}'),('390344a0-534e-42a2-aa99-28e8b86ad599','funeraria','8c40d0f9-b0e6-4491-9952-81791f7dd1e3','857b53fd-99aa-4e3f-9770-a377f8fddff7','create','56d9c8b3-6e52-4b38-aa53-d9bbd232d791','admin@teste.com.br','2022-04-26 15:07:59','{\"id\": \"8c40d0f9-b0e6-4491-9952-81791f7dd1e3\", \"cep\": \"13882245\", \"cnpj\": \"53.451.268/0001-06\", \"email\": \"123@123.com\", \"numero\": \"1\", \"empresa\": \"crematório catarinense teste\", \"telefone\": \"(95) 66566-5656\", \"tenantId\": \"857b53fd-99aa-4e3f-9770-a377f8fddff7\", \"createdAt\": \"2022-04-26T15:07:59.228Z\", \"updatedAt\": \"2022-04-26T15:07:59.228Z\", \"complemento\": \"1\", \"createdById\": \"56d9c8b3-6e52-4b38-aa53-d9bbd232d791\", \"responsavel\": \"jao\", \"updatedById\": \"56d9c8b3-6e52-4b38-aa53-d9bbd232d791\"}'),('3cef7a85-f9ff-430f-a6fa-1db7e89a4719','cerimoniaData','fc0f10ca-d5ad-4d39-b7c7-2c7927c112d9','857b53fd-99aa-4e3f-9770-a377f8fddff7','create','ff1c57e0-6917-426c-9c66-3d47a9dadecc','crematorio@palhoca.com.br','2022-05-01 18:09:05','{\"id\": \"fc0f10ca-d5ad-4d39-b7c7-2c7927c112d9\", \"nome\": \"ROSANGELA RODRIGUES WALKOWKI\", \"email\": \"\", \"telefone\": \"48984419812\", \"tenantId\": \"857b53fd-99aa-4e3f-9770-a377f8fddff7\", \"createdAt\": \"2022-05-01T18:09:05.804Z\", \"updatedAt\": \"2022-05-01T18:09:05.804Z\", \"cerimoniaId\": \"a82e28a6-31c0-4bf4-8f4a-d4f0c5daf918\", \"createdById\": \"ff1c57e0-6917-426c-9c66-3d47a9dadecc\", \"updatedById\": \"ff1c57e0-6917-426c-9c66-3d47a9dadecc\", \"idFunerariaId\": \"26ddb802-e82e-42bb-a634-687c199989a5\"}'),('3dcfccd7-bef6-4115-b0af-ce9513a8e473','cerimonia','dd21565d-5c3e-41c5-bcb1-97f26a7fd577','857b53fd-99aa-4e3f-9770-a377f8fddff7','create','ff1c57e0-6917-426c-9c66-3d47a9dadecc','crematorio@palhoca.com.br','2022-04-27 15:44:08','{\"id\": \"dd21565d-5c3e-41c5-bcb1-97f26a7fd577\", \"cpf\": \"078.703.910-18\", \"tenantId\": \"857b53fd-99aa-4e3f-9770-a377f8fddff7\", \"createdAt\": \"2022-04-27T15:44:08.887Z\", \"updatedAt\": \"2022-04-27T15:44:08.887Z\", \"createdById\": \"ff1c57e0-6917-426c-9c66-3d47a9dadecc\", \"isEncerrada\": false, \"updatedById\": \"ff1c57e0-6917-426c-9c66-3d47a9dadecc\", \"dataCerimonia\": \"2022-04-27\", \"idFunerariaId\": \"26ddb802-e82e-42bb-a634-687c199989a5\", \"responsavelId\": \"ff1c57e0-6917-426c-9c66-3d47a9dadecc\", \"nomeHomenageado\": \"pedro\", \"responsavelNome\": \"dasd asd\", \"emailResponsavel\": \"adklasmdkas@fsao.com\", \"telefoneResponsavel\": \"(12) 3213_-____\"}'),('3f4a4395-fd96-421a-aab3-044ce59fa7e5','funeraria','1ac2d7cd-612b-4d6b-aee9-e63bfaaf7f3f','857b53fd-99aa-4e3f-9770-a377f8fddff7','create','56d9c8b3-6e52-4b38-aa53-d9bbd232d791','admin@teste.com.br','2022-04-25 18:25:38','{\"id\": \"1ac2d7cd-612b-4d6b-aee9-e63bfaaf7f3f\", \"cep\": \"53650799\", \"email\": \"45541160000186@email\", \"numero\": \"115\", \"empresa\": \"45541160000186\", \"tenantId\": \"857b53fd-99aa-4e3f-9770-a377f8fddff7\", \"createdAt\": \"2022-04-25T18:25:37.626Z\", \"updatedAt\": \"2022-04-25T18:25:37.626Z\", \"createdById\": \"56d9c8b3-6e52-4b38-aa53-d9bbd232d791\", \"responsavel\": \"45541160000186\", \"updatedById\": \"56d9c8b3-6e52-4b38-aa53-d9bbd232d791\"}'),('3ff2fbd1-bc2b-4b9e-be41-17e32ef4f4b8','cerimoniaData','ab142076-2b12-4cda-b87f-741d1912f5d2','857b53fd-99aa-4e3f-9770-a377f8fddff7','create','ff1c57e0-6917-426c-9c66-3d47a9dadecc','crematorio@palhoca.com.br','2022-04-27 15:37:02','{\"id\": \"ab142076-2b12-4cda-b87f-741d1912f5d2\", \"nome\": \"NFDEWSXR\", \"email\": \"\", \"telefone\": \"2548999\", \"tenantId\": \"857b53fd-99aa-4e3f-9770-a377f8fddff7\", \"createdAt\": \"2022-04-27T15:37:02.467Z\", \"updatedAt\": \"2022-04-27T15:37:02.467Z\", \"cerimoniaId\": \"ebc82251-5ecf-45f8-ab99-a4983d8903ea\", \"createdById\": \"ff1c57e0-6917-426c-9c66-3d47a9dadecc\", \"updatedById\": \"ff1c57e0-6917-426c-9c66-3d47a9dadecc\", \"idFunerariaId\": \"26ddb802-e82e-42bb-a634-687c199989a5\"}'),('42814628-e683-4cdb-a5ad-cff500a2e186','user','330b3fa3-b3cd-4a0a-be3b-cb753e7e7180',NULL,'create','330b3fa3-b3cd-4a0a-be3b-cb753e7e7180','123@123.com','2022-04-26 15:07:58','{\"email\": \"123@123.com\", \"roles\": [\"enterprise\"], \"status\": \"active\"}'),('43c4a2c9-41dd-473c-aa22-673653f819d3','cerimoniaData','4ada4ee8-c352-41b8-96c7-ca092cecc21f','857b53fd-99aa-4e3f-9770-a377f8fddff7','create','ff1c57e0-6917-426c-9c66-3d47a9dadecc','crematorio@palhoca.com.br','2022-05-01 19:00:32','{\"id\": \"4ada4ee8-c352-41b8-96c7-ca092cecc21f\", \"nome\": \"AURO\", \"email\": \"\", \"telefone\": \"48996512243\", \"tenantId\": \"857b53fd-99aa-4e3f-9770-a377f8fddff7\", \"createdAt\": \"2022-05-01T19:00:32.387Z\", \"updatedAt\": \"2022-05-01T19:00:32.387Z\", \"cerimoniaId\": \"a82e28a6-31c0-4bf4-8f4a-d4f0c5daf918\", \"createdById\": \"ff1c57e0-6917-426c-9c66-3d47a9dadecc\", \"updatedById\": \"ff1c57e0-6917-426c-9c66-3d47a9dadecc\", \"idFunerariaId\": \"26ddb802-e82e-42bb-a634-687c199989a5\"}'),('460ca0f5-470b-4994-8fcf-a2f48b83ddd6','cerimoniaData','2a859aff-d8a1-4934-be98-b196d4453b52','857b53fd-99aa-4e3f-9770-a377f8fddff7','create','da4dd1e0-5bae-46ef-904c-7fcf30eb8eb4','email1010100@teste.net.oul','2022-04-27 14:10:21','{\"id\": \"2a859aff-d8a1-4934-be98-b196d4453b52\", \"nome\": \"RRRRRRRRR\", \"email\": \"\", \"telefone\": \"1111111111111\", \"tenantId\": \"857b53fd-99aa-4e3f-9770-a377f8fddff7\", \"createdAt\": \"2022-04-27T14:10:21.097Z\", \"updatedAt\": \"2022-04-27T14:10:21.097Z\", \"cerimoniaId\": \"7623dea3-49c4-4e22-a968-e7abfc48537a\", \"createdById\": \"da4dd1e0-5bae-46ef-904c-7fcf30eb8eb4\", \"updatedById\": \"da4dd1e0-5bae-46ef-904c-7fcf30eb8eb4\", \"idFunerariaId\": \"c20ed143-d396-43c7-999d-ff2d6d5adec7\"}'),('46ac15c8-6f0c-45a7-8624-3bf85e14088c','cerimoniaData','b418a37f-2ef5-4165-b245-fb29ac444fde','857b53fd-99aa-4e3f-9770-a377f8fddff7','create','ff1c57e0-6917-426c-9c66-3d47a9dadecc','crematorio@palhoca.com.br','2022-05-02 12:09:49','{\"id\": \"b418a37f-2ef5-4165-b245-fb29ac444fde\", \"nome\": \"JOSEANE ALVES  BOTELHO DE SOUZA\", \"email\": \"\", \"telefone\": \"48996913875\", \"tenantId\": \"857b53fd-99aa-4e3f-9770-a377f8fddff7\", \"createdAt\": \"2022-05-02T12:09:49.115Z\", \"updatedAt\": \"2022-05-02T12:09:49.115Z\", \"cerimoniaId\": \"25312516-8e28-41bf-b787-96c831e8c2b2\", \"createdById\": \"ff1c57e0-6917-426c-9c66-3d47a9dadecc\", \"updatedById\": \"ff1c57e0-6917-426c-9c66-3d47a9dadecc\", \"idFunerariaId\": \"26ddb802-e82e-42bb-a634-687c199989a5\"}'),('488c7f3d-14c3-4c99-81f9-4a7b7bf1fe75','cerimoniaData','6601be25-208f-44bf-a905-f0fd824ae8ee','857b53fd-99aa-4e3f-9770-a377f8fddff7','create','56d9c8b3-6e52-4b38-aa53-d9bbd232d791','admin@teste.com.br','2022-04-20 20:48:43','{\"id\": \"6601be25-208f-44bf-a905-f0fd824ae8ee\", \"nome\": \"TRFDSZA4\", \"email\": \"TTTTFF\", \"telefone\": \"(56) 56565-____\", \"tenantId\": \"857b53fd-99aa-4e3f-9770-a377f8fddff7\", \"createdAt\": \"2022-04-20T20:48:43.033Z\", \"updatedAt\": \"2022-04-20T20:48:43.033Z\", \"cerimoniaId\": \"a78eace8-f956-427a-ad4b-ab6f155e74b7\", \"createdById\": \"56d9c8b3-6e52-4b38-aa53-d9bbd232d791\", \"updatedById\": \"56d9c8b3-6e52-4b38-aa53-d9bbd232d791\"}'),('499c74aa-5b7a-4001-87bf-6ce5b370160f','cerimoniaData','41aa178d-d20d-4da4-94f6-b52e9b488d4f','857b53fd-99aa-4e3f-9770-a377f8fddff7','create','da4dd1e0-5bae-46ef-904c-7fcf30eb8eb4','email1010100@teste.net.oul','2022-04-27 13:36:51','{\"id\": \"41aa178d-d20d-4da4-94f6-b52e9b488d4f\", \"nome\": \"ricardo\", \"email\": \"\", \"telefone\": \"(12) 31313-1313\", \"tenantId\": \"857b53fd-99aa-4e3f-9770-a377f8fddff7\", \"createdAt\": \"2022-04-27T13:36:51.661Z\", \"updatedAt\": \"2022-04-27T13:36:51.661Z\", \"cerimoniaId\": \"1bcdfb81-995c-4962-ac1e-66fb3653ba8c\", \"createdById\": \"da4dd1e0-5bae-46ef-904c-7fcf30eb8eb4\", \"updatedById\": \"da4dd1e0-5bae-46ef-904c-7fcf30eb8eb4\", \"idFunerariaId\": \"c20ed143-d396-43c7-999d-ff2d6d5adec7\"}'),('4a3a8949-5d58-4565-b37c-46e4ba320c52','cerimoniaData','97055f91-c633-40db-8d6e-8607d348ddc6','857b53fd-99aa-4e3f-9770-a377f8fddff7','create','ff1c57e0-6917-426c-9c66-3d47a9dadecc','crematorio@palhoca.com.br','2022-04-28 19:46:18','{\"id\": \"97055f91-c633-40db-8d6e-8607d348ddc6\", \"nome\": \"TMMU\", \"email\": \"\", \"telefone\": \"1588\", \"tenantId\": \"857b53fd-99aa-4e3f-9770-a377f8fddff7\", \"createdAt\": \"2022-04-28T19:46:18.445Z\", \"updatedAt\": \"2022-04-28T19:46:18.445Z\", \"cerimoniaId\": \"1276b484-6a46-47c3-afe5-2bdfdd8fc185\", \"createdById\": \"ff1c57e0-6917-426c-9c66-3d47a9dadecc\", \"updatedById\": \"ff1c57e0-6917-426c-9c66-3d47a9dadecc\", \"idFunerariaId\": \"26ddb802-e82e-42bb-a634-687c199989a5\"}'),('4b1b84e2-a35c-4685-9ffc-85134c56ccbf','cerimoniaData','a4386d70-8a98-4b21-8f07-7dafff6eb97d','857b53fd-99aa-4e3f-9770-a377f8fddff7','create','da4dd1e0-5bae-46ef-904c-7fcf30eb8eb4','email1010100@teste.net.oul','2022-04-26 17:45:35','{\"id\": \"a4386d70-8a98-4b21-8f07-7dafff6eb97d\", \"nome\": \"15616516165\", \"email\": \"\", \"telefone\": \"(46) 51515-6165\", \"tenantId\": \"857b53fd-99aa-4e3f-9770-a377f8fddff7\", \"createdAt\": \"2022-04-26T17:45:35.602Z\", \"updatedAt\": \"2022-04-26T17:45:35.602Z\", \"cerimoniaId\": \"b323f1f2-1985-4968-a38e-6080f0403e1e\", \"createdById\": \"da4dd1e0-5bae-46ef-904c-7fcf30eb8eb4\", \"updatedById\": \"da4dd1e0-5bae-46ef-904c-7fcf30eb8eb4\"}'),('4f0cea52-7f78-463d-a64a-cde89439a70f','cerimonia','ed53f976-2c89-4aed-807f-ccef3a9aff26','857b53fd-99aa-4e3f-9770-a377f8fddff7','create','56d9c8b3-6e52-4b38-aa53-d9bbd232d791','admin@teste.com.br','2022-04-20 20:03:47','{\"id\": \"ed53f976-2c89-4aed-807f-ccef3a9aff26\", \"cpf\": \"069.221.520-42\", \"tenantId\": \"857b53fd-99aa-4e3f-9770-a377f8fddff7\", \"createdAt\": \"2022-04-20T20:03:47.185Z\", \"updatedAt\": \"2022-04-20T20:03:47.185Z\", \"createdById\": \"56d9c8b3-6e52-4b38-aa53-d9bbd232d791\", \"isEncerrada\": false, \"updatedById\": \"56d9c8b3-6e52-4b38-aa53-d9bbd232d791\", \"dataCerimonia\": \"2022-04-21\", \"responsavelId\": \"56d9c8b3-6e52-4b38-aa53-d9bbd232d791\", \"nomeHomenageado\": \"MATHEUS\", \"responsavelNome\": \"Admin@123\", \"emailResponsavel\": \"admin@teste.com.br\", \"telefoneResponsavel\": \"\"}'),('508dbe35-6e05-4fc6-b56e-d5f3fa84b6c5','funeraria','1ac2d7cd-612b-4d6b-aee9-e63bfaaf7f3f','857b53fd-99aa-4e3f-9770-a377f8fddff7','update','56d9c8b3-6e52-4b38-aa53-d9bbd232d791','admin@teste.com.br','2022-04-26 11:45:58','{\"id\": \"1ac2d7cd-612b-4d6b-aee9-e63bfaaf7f3f\", \"cep\": \"53650799\", \"cnpj\": \"1111111111111111111\", \"email\": \"45541160000186@email\", \"numero\": \"115\", \"empresa\": \"45541160000186\", \"telefone\": \"(15) 61651-6515\", \"tenantId\": \"857b53fd-99aa-4e3f-9770-a377f8fddff7\", \"createdAt\": \"2022-04-25T18:25:37.000Z\", \"deletedAt\": null, \"updatedAt\": \"2022-04-25T18:46:27.000Z\", \"importHash\": null, \"complemento\": \"aaaaa\", \"createdById\": \"56d9c8b3-6e52-4b38-aa53-d9bbd232d791\", \"responsavel\": \"45541160000186\", \"updatedById\": \"56d9c8b3-6e52-4b38-aa53-d9bbd232d791\", \"nomeFuneraria\": null}'),('50cec907-50f9-437f-bcdf-610ca2ac590a','cerimonia','1276b484-6a46-47c3-afe5-2bdfdd8fc185','857b53fd-99aa-4e3f-9770-a377f8fddff7','update','ff1c57e0-6917-426c-9c66-3d47a9dadecc','crematorio@palhoca.com.br','2022-04-28 21:42:42','{\"id\": \"1276b484-6a46-47c3-afe5-2bdfdd8fc185\", \"cpf\": \"733.045.819-87\", \"tenantId\": \"857b53fd-99aa-4e3f-9770-a377f8fddff7\", \"createdAt\": \"2022-04-28T11:40:03.000Z\", \"deletedAt\": null, \"updatedAt\": \"2022-04-28T21:42:42.292Z\", \"importHash\": null, \"createdById\": \"ff1c57e0-6917-426c-9c66-3d47a9dadecc\", \"isEncerrada\": true, \"updatedById\": \"ff1c57e0-6917-426c-9c66-3d47a9dadecc\", \"dataCerimonia\": \"2022-04-28\", \"idFunerariaId\": \"26ddb802-e82e-42bb-a634-687c199989a5\", \"responsavelId\": null, \"nomeHomenageado\": \"VERONICA MAÇANEIRO\", \"responsavelNome\": \"CLAUDIO DA SILVA\", \"emailResponsavel\": \"palhoca@crematoriocatarinense.com.br\", \"telefoneResponsavel\": \"(48) 99601-3103\"}'),('512f8a08-901b-451f-9944-51b33808bae3','user','da4dd1e0-5bae-46ef-904c-7fcf30eb8eb4',NULL,'create','da4dd1e0-5bae-46ef-904c-7fcf30eb8eb4','email1010100@teste.net.oul','2022-04-26 13:20:04','{\"email\": \"email1010100@teste.net.oul\", \"roles\": [\"enterprise\"], \"status\": \"active\"}'),('51482f5f-cd3c-431b-8613-2e19819b8d87','cerimonia','1f2225c3-dde7-44ea-a4e2-26ae69484ccf','857b53fd-99aa-4e3f-9770-a377f8fddff7','create','103c8a49-a4c4-4fb0-89c2-b17ce5d14ba4','jnr0444@gmail.com','2022-04-28 13:29:26','{\"id\": \"1f2225c3-dde7-44ea-a4e2-26ae69484ccf\", \"cpf\": \"640.111.100-35\", \"tenantId\": \"857b53fd-99aa-4e3f-9770-a377f8fddff7\", \"createdAt\": \"2022-04-28T13:29:25.991Z\", \"updatedAt\": \"2022-04-28T13:29:25.991Z\", \"createdById\": \"103c8a49-a4c4-4fb0-89c2-b17ce5d14ba4\", \"isEncerrada\": false, \"updatedById\": \"103c8a49-a4c4-4fb0-89c2-b17ce5d14ba4\", \"dataCerimonia\": \"2022-04-28\", \"idFunerariaId\": null, \"responsavelId\": \"103c8a49-a4c4-4fb0-89c2-b17ce5d14ba4\", \"nomeHomenageado\": \"Ryan Gosli\", \"responsavelNome\": \"Evaldinho\", \"emailResponsavel\": \"jnr0444@gmail.com\", \"telefoneResponsavel\": \"(12) 95972-0344\"}'),('52c2ab70-b971-41e9-9d09-459134eef1bc','cerimonia','7623dea3-49c4-4e22-a968-e7abfc48537a','857b53fd-99aa-4e3f-9770-a377f8fddff7','update','da4dd1e0-5bae-46ef-904c-7fcf30eb8eb4','email1010100@teste.net.oul','2022-04-27 14:19:47','{\"id\": \"7623dea3-49c4-4e22-a968-e7abfc48537a\", \"cpf\": \"144.183.264-56\", \"tenantId\": \"857b53fd-99aa-4e3f-9770-a377f8fddff7\", \"createdAt\": \"2022-04-26T17:32:21.000Z\", \"deletedAt\": null, \"updatedAt\": \"2022-04-27T14:18:21.000Z\", \"importHash\": null, \"createdById\": \"da4dd1e0-5bae-46ef-904c-7fcf30eb8eb4\", \"isEncerrada\": true, \"updatedById\": \"da4dd1e0-5bae-46ef-904c-7fcf30eb8eb4\", \"dataCerimonia\": \"2022-04-27\", \"idFunerariaId\": \"c20ed143-d396-43c7-999d-ff2d6d5adec7\", \"responsavelId\": null, \"nomeHomenageado\": \"teste\", \"responsavelNome\": \"blabla\", \"emailResponsavel\": \"teste@teste.com\", \"telefoneResponsavel\": \"(19) 46549-4633\"}'),('546006ee-f49f-4228-8a85-fc1803bd1b02','funeraria','1ac2d7cd-612b-4d6b-aee9-e63bfaaf7f3f','857b53fd-99aa-4e3f-9770-a377f8fddff7','update','56d9c8b3-6e52-4b38-aa53-d9bbd232d791','admin@teste.com.br','2022-04-25 19:41:52','{\"id\": \"1ac2d7cd-612b-4d6b-aee9-e63bfaaf7f3f\", \"cep\": \"53650799\", \"cnpj\": \"1111111111111111111\", \"email\": \"45541160000186@email\", \"numero\": \"115\", \"empresa\": \"45541160000186\", \"telefone\": \"(15) 61651-6515\", \"tenantId\": \"857b53fd-99aa-4e3f-9770-a377f8fddff7\", \"createdAt\": \"2022-04-25T18:25:37.000Z\", \"deletedAt\": null, \"updatedAt\": \"2022-04-25T18:46:27.000Z\", \"importHash\": null, \"complemento\": \"aaaaa\", \"createdById\": \"56d9c8b3-6e52-4b38-aa53-d9bbd232d791\", \"responsavel\": \"45541160000186\", \"updatedById\": \"56d9c8b3-6e52-4b38-aa53-d9bbd232d791\", \"nomeFuneraria\": null}'),('55590c09-a262-44fd-9b3d-d2f68f204e57','funeraria','03d01e9d-4f0f-474a-9027-9fda49e11860','857b53fd-99aa-4e3f-9770-a377f8fddff7','create','56d9c8b3-6e52-4b38-aa53-d9bbd232d791','admin@teste.com.br','2022-04-28 12:22:46','{\"id\": \"03d01e9d-4f0f-474a-9027-9fda49e11860\", \"cep\": \"122345580\", \"cnpj\": \"\", \"email\": \"jnr0@gmail.com\", \"numero\": \"52\", \"userId\": \"19230bb9-fe9c-43e3-83e9-47f6daf1d4cd\", \"empresa\": \"\", \"telefone\": \"(12) 99797-2034\", \"tenantId\": \"857b53fd-99aa-4e3f-9770-a377f8fddff7\", \"createdAt\": \"2022-04-28T12:22:46.311Z\", \"updatedAt\": \"2022-04-28T12:22:46.311Z\", \"complemento\": \"Rua \", \"createdById\": \"56d9c8b3-6e52-4b38-aa53-d9bbd232d791\", \"responsavel\": \"Oi\", \"updatedById\": \"56d9c8b3-6e52-4b38-aa53-d9bbd232d791\"}'),('55bdc2ac-f442-4793-b053-a9321e391c7a','cerimonia','a78eace8-f956-427a-ad4b-ab6f155e74b7','857b53fd-99aa-4e3f-9770-a377f8fddff7','create','56d9c8b3-6e52-4b38-aa53-d9bbd232d791','admin@teste.com.br','2022-04-20 20:43:01','{\"id\": \"a78eace8-f956-427a-ad4b-ab6f155e74b7\", \"cpf\": \"453.926.538-55\", \"tenantId\": \"857b53fd-99aa-4e3f-9770-a377f8fddff7\", \"createdAt\": \"2022-04-20T20:43:01.468Z\", \"updatedAt\": \"2022-04-20T20:43:01.468Z\", \"createdById\": \"56d9c8b3-6e52-4b38-aa53-d9bbd232d791\", \"isEncerrada\": false, \"updatedById\": \"56d9c8b3-6e52-4b38-aa53-d9bbd232d791\", \"dataCerimonia\": \"2022-04-21\", \"responsavelId\": \"56d9c8b3-6e52-4b38-aa53-d9bbd232d791\", \"nomeHomenageado\": \"João da Silva\", \"responsavelNome\": \"Admin@123\", \"emailResponsavel\": \"admin@teste.com.br\", \"telefoneResponsavel\": \"\"}'),('5853ce39-a87c-4ad2-950a-d423d0fe373b','cerimonia','e24dfcb1-952a-43dc-84cf-a75886c9b1e9','857b53fd-99aa-4e3f-9770-a377f8fddff7','create','103c8a49-a4c4-4fb0-89c2-b17ce5d14ba4','jnr0444@gmail.com','2022-04-28 15:50:35','{\"id\": \"e24dfcb1-952a-43dc-84cf-a75886c9b1e9\", \"cpf\": \"026.777.860-01\", \"tenantId\": \"857b53fd-99aa-4e3f-9770-a377f8fddff7\", \"createdAt\": \"2022-04-28T15:50:35.676Z\", \"updatedAt\": \"2022-04-28T15:50:35.676Z\", \"createdById\": \"103c8a49-a4c4-4fb0-89c2-b17ce5d14ba4\", \"isEncerrada\": false, \"updatedById\": \"103c8a49-a4c4-4fb0-89c2-b17ce5d14ba4\", \"dataCerimonia\": \"2022-04-28\", \"idFunerariaId\": null, \"responsavelId\": \"103c8a49-a4c4-4fb0-89c2-b17ce5d14ba4\", \"nomeHomenageado\": \"Ryan gosli \", \"responsavelNome\": \"Baby ryan \", \"emailResponsavel\": \"baby.ryan@orkut.net\", \"telefoneResponsavel\": \"(12) 99898-9898\"}'),('5995b2e0-a55d-461c-94a8-a21e78e4be57','user','330b3fa3-b3cd-4a0a-be3b-cb753e7e7180',NULL,'create',NULL,NULL,'2022-04-26 15:07:58','{\"id\": \"330b3fa3-b3cd-4a0a-be3b-cb753e7e7180\", \"email\": \"123@123.com\", \"fullName\": \"crematório\", \"lastName\": null, \"createdAt\": \"2022-04-26T15:07:58.062Z\", \"firstName\": \"crematório\", \"updatedAt\": \"2022-04-26T15:07:58.062Z\", \"emailVerified\": false}'),('5ded9f30-4a80-4f4f-b5b8-94508b98dc3d','cerimoniaData','b24321d3-b0ca-4219-86bb-682e278c3ee4','857b53fd-99aa-4e3f-9770-a377f8fddff7','create','da4dd1e0-5bae-46ef-904c-7fcf30eb8eb4','email1010100@teste.net.oul','2022-04-27 13:36:38','{\"id\": \"b24321d3-b0ca-4219-86bb-682e278c3ee4\", \"nome\": \"ricardo\", \"email\": \"\", \"telefone\": \"(12) 31321-3131\", \"tenantId\": \"857b53fd-99aa-4e3f-9770-a377f8fddff7\", \"createdAt\": \"2022-04-27T13:36:38.724Z\", \"updatedAt\": \"2022-04-27T13:36:38.724Z\", \"cerimoniaId\": \"1bcdfb81-995c-4962-ac1e-66fb3653ba8c\", \"createdById\": \"da4dd1e0-5bae-46ef-904c-7fcf30eb8eb4\", \"updatedById\": \"da4dd1e0-5bae-46ef-904c-7fcf30eb8eb4\", \"idFunerariaId\": \"c20ed143-d396-43c7-999d-ff2d6d5adec7\"}'),('61518e4b-42e6-4944-a02a-2386e68c277a','cerimonia','0e0f788f-87d8-4baf-af0f-6d722f9c0fe4','857b53fd-99aa-4e3f-9770-a377f8fddff7','create','ff1c57e0-6917-426c-9c66-3d47a9dadecc','crematorio@palhoca.com.br','2022-05-13 11:00:57','{\"id\": \"0e0f788f-87d8-4baf-af0f-6d722f9c0fe4\", \"cpf\": \"712.959.509-44\", \"tenantId\": \"857b53fd-99aa-4e3f-9770-a377f8fddff7\", \"createdAt\": \"2022-05-13T11:00:57.069Z\", \"updatedAt\": \"2022-05-13T11:00:57.069Z\", \"createdById\": \"ff1c57e0-6917-426c-9c66-3d47a9dadecc\", \"isEncerrada\": false, \"updatedById\": \"ff1c57e0-6917-426c-9c66-3d47a9dadecc\", \"dataCerimonia\": \"2022-05-13\", \"idFunerariaId\": \"26ddb802-e82e-42bb-a634-687c199989a5\", \"responsavelId\": \"ff1c57e0-6917-426c-9c66-3d47a9dadecc\", \"nomeHomenageado\": \"JOSE JOAO MAFRA\", \"responsavelNome\": \"LUANA MARIA MAFRA\", \"emailResponsavel\": \"LUANAMAFRA@HOTMAIL.COM\", \"telefoneResponsavel\": \"(48) 98407-8760\"}'),('651f0fae-be94-4526-b15d-99dc76b0dede','cerimoniaData','125b634f-ddb1-4cc1-859d-7326c7adedaa','857b53fd-99aa-4e3f-9770-a377f8fddff7','create','56d9c8b3-6e52-4b38-aa53-d9bbd232d791','admin@teste.com.br','2022-04-20 20:08:32','{\"id\": \"125b634f-ddb1-4cc1-859d-7326c7adedaa\", \"nome\": \"TKKITD\", \"email\": \"FR\", \"telefone\": \"(69) 55656-5656\", \"tenantId\": \"857b53fd-99aa-4e3f-9770-a377f8fddff7\", \"createdAt\": \"2022-04-20T20:08:32.259Z\", \"updatedAt\": \"2022-04-20T20:08:32.259Z\", \"cerimoniaId\": \"ed53f976-2c89-4aed-807f-ccef3a9aff26\", \"createdById\": \"56d9c8b3-6e52-4b38-aa53-d9bbd232d791\", \"updatedById\": \"56d9c8b3-6e52-4b38-aa53-d9bbd232d791\"}'),('6561b6f9-84c8-42d6-ae9b-4b31751b175d','cerimoniaData','1c75d2da-b60a-4240-b913-1668a5cbbb24','857b53fd-99aa-4e3f-9770-a377f8fddff7','create','ff1c57e0-6917-426c-9c66-3d47a9dadecc','crematorio@palhoca.com.br','2022-05-02 12:42:13','{\"id\": \"1c75d2da-b60a-4240-b913-1668a5cbbb24\", \"nome\": \"MARCELO PEDRO FIRMINIO\", \"email\": \"\", \"telefone\": \"48999166108\", \"tenantId\": \"857b53fd-99aa-4e3f-9770-a377f8fddff7\", \"createdAt\": \"2022-05-02T12:42:13.052Z\", \"updatedAt\": \"2022-05-02T12:42:13.052Z\", \"cerimoniaId\": \"25312516-8e28-41bf-b787-96c831e8c2b2\", \"createdById\": \"ff1c57e0-6917-426c-9c66-3d47a9dadecc\", \"updatedById\": \"ff1c57e0-6917-426c-9c66-3d47a9dadecc\", \"idFunerariaId\": \"26ddb802-e82e-42bb-a634-687c199989a5\"}'),('665cd954-e509-4b2d-876f-104498fa5c99','user','ba9b7607-254a-40b0-be67-d590969fb854',NULL,'create',NULL,NULL,'2022-04-26 15:17:51','{\"id\": \"ba9b7607-254a-40b0-be67-d590969fb854\", \"email\": \"teste123@123.com\", \"fullName\": \"crematório\", \"lastName\": null, \"createdAt\": \"2022-04-26T15:17:51.128Z\", \"firstName\": \"crematório\", \"updatedAt\": \"2022-04-26T15:17:51.128Z\", \"emailVerified\": false}'),('66d9d383-edf0-49bb-9df1-bdf27a0e39b7','cerimoniaData','f0ec6ab8-5753-481f-86d6-f0f5c1e1d58d','857b53fd-99aa-4e3f-9770-a377f8fddff7','create','56d9c8b3-6e52-4b38-aa53-d9bbd232d791','admin@teste.com.br','2022-04-20 20:48:14','{\"id\": \"f0ec6ab8-5753-481f-86d6-f0f5c1e1d58d\", \"nome\": \"TWWD\", \"email\": \"TTB\", \"telefone\": \"(96) 65695-4654\", \"tenantId\": \"857b53fd-99aa-4e3f-9770-a377f8fddff7\", \"createdAt\": \"2022-04-20T20:48:14.095Z\", \"updatedAt\": \"2022-04-20T20:48:14.095Z\", \"cerimoniaId\": \"a78eace8-f956-427a-ad4b-ab6f155e74b7\", \"createdById\": \"56d9c8b3-6e52-4b38-aa53-d9bbd232d791\", \"updatedById\": \"56d9c8b3-6e52-4b38-aa53-d9bbd232d791\"}'),('66e655a9-d17b-47fc-bd22-f8216dc3574a','cerimonia','8ce1fc05-a88f-4cef-9c27-1b3d1ca84e70','857b53fd-99aa-4e3f-9770-a377f8fddff7','create','56d9c8b3-6e52-4b38-aa53-d9bbd232d791','admin@teste.com.br','2022-04-20 21:24:47','{\"id\": \"8ce1fc05-a88f-4cef-9c27-1b3d1ca84e70\", \"cpf\": \"686.005.080-29\", \"tenantId\": \"857b53fd-99aa-4e3f-9770-a377f8fddff7\", \"createdAt\": \"2022-04-20T21:24:47.263Z\", \"updatedAt\": \"2022-04-20T21:24:47.263Z\", \"createdById\": \"56d9c8b3-6e52-4b38-aa53-d9bbd232d791\", \"isEncerrada\": false, \"updatedById\": \"56d9c8b3-6e52-4b38-aa53-d9bbd232d791\", \"dataCerimonia\": \"2022-04-21\", \"responsavelId\": \"56d9c8b3-6e52-4b38-aa53-d9bbd232d791\", \"nomeHomenageado\": \"6565\", \"responsavelNome\": \"Admin@123\", \"emailResponsavel\": \"admin@teste.com.br\", \"telefoneResponsavel\": \"\"}'),('6726c028-e8ad-4ff3-a7bd-a4b3a6013c77','cerimoniaData','40f3502f-e103-425a-ae76-e0014b7f04ae','857b53fd-99aa-4e3f-9770-a377f8fddff7','create','ff1c57e0-6917-426c-9c66-3d47a9dadecc','crematorio@palhoca.com.br','2022-04-27 17:15:31','{\"id\": \"40f3502f-e103-425a-ae76-e0014b7f04ae\", \"nome\": \"HFGHH\", \"email\": \"\", \"telefone\": \"658842990\", \"tenantId\": \"857b53fd-99aa-4e3f-9770-a377f8fddff7\", \"createdAt\": \"2022-04-27T17:15:31.191Z\", \"updatedAt\": \"2022-04-27T17:15:31.191Z\", \"cerimoniaId\": \"dd21565d-5c3e-41c5-bcb1-97f26a7fd577\", \"createdById\": \"ff1c57e0-6917-426c-9c66-3d47a9dadecc\", \"updatedById\": \"ff1c57e0-6917-426c-9c66-3d47a9dadecc\", \"idFunerariaId\": \"26ddb802-e82e-42bb-a634-687c199989a5\"}'),('696e3bd0-8503-4c24-a43c-a3b944862e4d','cerimoniaData','c2169ab1-446a-4cc9-8358-7c4a829b6fb7','857b53fd-99aa-4e3f-9770-a377f8fddff7','create','ff1c57e0-6917-426c-9c66-3d47a9dadecc','crematorio@palhoca.com.br','2022-05-02 12:10:25','{\"id\": \"c2169ab1-446a-4cc9-8358-7c4a829b6fb7\", \"nome\": \"PHILIPPE BOTELHO DA SILVA\", \"email\": \"\", \"telefone\": \"47997407761\", \"tenantId\": \"857b53fd-99aa-4e3f-9770-a377f8fddff7\", \"createdAt\": \"2022-05-02T12:10:25.454Z\", \"updatedAt\": \"2022-05-02T12:10:25.454Z\", \"cerimoniaId\": \"25312516-8e28-41bf-b787-96c831e8c2b2\", \"createdById\": \"ff1c57e0-6917-426c-9c66-3d47a9dadecc\", \"updatedById\": \"ff1c57e0-6917-426c-9c66-3d47a9dadecc\", \"idFunerariaId\": \"26ddb802-e82e-42bb-a634-687c199989a5\"}'),('697fdf3a-5d34-4364-ab4a-5c4eb20de29f','tenant','857b53fd-99aa-4e3f-9770-a377f8fddff7','857b53fd-99aa-4e3f-9770-a377f8fddff7','create','59be8cdf-a117-4b48-bf22-eb61ac256f4b','email@teste.com','2022-04-19 21:46:26','{\"id\": \"857b53fd-99aa-4e3f-9770-a377f8fddff7\", \"url\": \"default\", \"name\": \"default\", \"plan\": \"free\", \"createdAt\": \"2022-04-19T21:46:26.755Z\", \"updatedAt\": \"2022-04-19T21:46:26.755Z\", \"planStatus\": \"active\", \"createdById\": \"59be8cdf-a117-4b48-bf22-eb61ac256f4b\", \"updatedById\": \"59be8cdf-a117-4b48-bf22-eb61ac256f4b\"}'),('699cf917-1656-4404-8e3a-b289ab4eadc7','cerimoniaData','2ce3422e-4842-4c6c-8592-8eff2206c875','857b53fd-99aa-4e3f-9770-a377f8fddff7','create','ff1c57e0-6917-426c-9c66-3d47a9dadecc','crematorio@palhoca.com.br','2022-05-02 12:08:41','{\"id\": \"2ce3422e-4842-4c6c-8592-8eff2206c875\", \"nome\": \"JHESSYKA ALVES DA SILVA\", \"email\": \"\", \"telefone\": \"48984939190\", \"tenantId\": \"857b53fd-99aa-4e3f-9770-a377f8fddff7\", \"createdAt\": \"2022-05-02T12:08:41.831Z\", \"updatedAt\": \"2022-05-02T12:08:41.831Z\", \"cerimoniaId\": \"25312516-8e28-41bf-b787-96c831e8c2b2\", \"createdById\": \"ff1c57e0-6917-426c-9c66-3d47a9dadecc\", \"updatedById\": \"ff1c57e0-6917-426c-9c66-3d47a9dadecc\", \"idFunerariaId\": \"26ddb802-e82e-42bb-a634-687c199989a5\"}'),('6aa075da-bd48-4489-9744-a4fb0415ce96','cerimoniaData','cc6474ba-aa9e-4217-941d-5122dc57ff51','857b53fd-99aa-4e3f-9770-a377f8fddff7','create','ff1c57e0-6917-426c-9c66-3d47a9dadecc','crematorio@palhoca.com.br','2022-05-02 12:44:44','{\"id\": \"cc6474ba-aa9e-4217-941d-5122dc57ff51\", \"nome\": \"MARCIO FASBINDER\", \"email\": \"\", \"telefone\": \"48996402371\", \"tenantId\": \"857b53fd-99aa-4e3f-9770-a377f8fddff7\", \"createdAt\": \"2022-05-02T12:44:44.133Z\", \"updatedAt\": \"2022-05-02T12:44:44.133Z\", \"cerimoniaId\": \"25312516-8e28-41bf-b787-96c831e8c2b2\", \"createdById\": \"ff1c57e0-6917-426c-9c66-3d47a9dadecc\", \"updatedById\": \"ff1c57e0-6917-426c-9c66-3d47a9dadecc\", \"idFunerariaId\": \"26ddb802-e82e-42bb-a634-687c199989a5\"}'),('6b549f41-81f7-4a2f-bdb3-8c91528d6e23','cerimonia','8ce1fc05-a88f-4cef-9c27-1b3d1ca84e70','857b53fd-99aa-4e3f-9770-a377f8fddff7','update','56d9c8b3-6e52-4b38-aa53-d9bbd232d791','admin@teste.com.br','2022-04-20 21:25:34','{\"id\": \"8ce1fc05-a88f-4cef-9c27-1b3d1ca84e70\", \"cpf\": \"686.005.080-29\", \"tenantId\": \"857b53fd-99aa-4e3f-9770-a377f8fddff7\", \"createdAt\": \"2022-04-20T21:24:47.000Z\", \"deletedAt\": null, \"updatedAt\": \"2022-04-20T21:25:34.577Z\", \"importHash\": null, \"createdById\": \"56d9c8b3-6e52-4b38-aa53-d9bbd232d791\", \"isEncerrada\": true, \"updatedById\": \"56d9c8b3-6e52-4b38-aa53-d9bbd232d791\", \"dataCerimonia\": \"2022-04-21\", \"responsavelId\": null, \"nomeHomenageado\": \"6565\", \"responsavelNome\": \"Admin@123\", \"emailResponsavel\": \"admin@teste.com.br\", \"telefoneResponsavel\": \"\"}'),('70f91c7b-deca-4378-90cd-2b832dbbdf69','cerimonia','1bcdfb81-995c-4962-ac1e-66fb3653ba8c','857b53fd-99aa-4e3f-9770-a377f8fddff7','create','da4dd1e0-5bae-46ef-904c-7fcf30eb8eb4','email1010100@teste.net.oul','2022-04-27 13:36:07','{\"id\": \"1bcdfb81-995c-4962-ac1e-66fb3653ba8c\", \"cpf\": \"384.063.828-30\", \"tenantId\": \"857b53fd-99aa-4e3f-9770-a377f8fddff7\", \"createdAt\": \"2022-04-27T13:36:07.392Z\", \"updatedAt\": \"2022-04-27T13:36:07.392Z\", \"createdById\": \"da4dd1e0-5bae-46ef-904c-7fcf30eb8eb4\", \"isEncerrada\": false, \"updatedById\": \"da4dd1e0-5bae-46ef-904c-7fcf30eb8eb4\", \"dataCerimonia\": \"2022-04-27\", \"idFunerariaId\": \"c20ed143-d396-43c7-999d-ff2d6d5adec7\", \"responsavelId\": \"da4dd1e0-5bae-46ef-904c-7fcf30eb8eb4\", \"nomeHomenageado\": \"Galacho\", \"responsavelNome\": \"Ricardo\", \"emailResponsavel\": \"ricardo.galacho@technite.com.br\", \"telefoneResponsavel\": \"(94) 16729-96__\"}'),('774de006-c30c-4aae-8cb0-4720a1388c89','user','59be8cdf-a117-4b48-bf22-eb61ac256f4b',NULL,'create',NULL,NULL,'2022-04-19 21:46:26','{\"id\": \"59be8cdf-a117-4b48-bf22-eb61ac256f4b\", \"email\": \"email@teste.com\", \"fullName\": \"nome\", \"lastName\": null, \"createdAt\": \"2022-04-19T21:46:26.020Z\", \"firstName\": \"nome\", \"updatedAt\": \"2022-04-19T21:46:26.020Z\", \"emailVerified\": false}'),('77ae61e2-673c-4316-b595-f4fafccd7320','cerimonia','4a219312-c074-4133-8b0a-b56d1a2a8882','857b53fd-99aa-4e3f-9770-a377f8fddff7','create','da4dd1e0-5bae-46ef-904c-7fcf30eb8eb4','email1010100@teste.net.oul','2022-04-27 17:00:44','{\"id\": \"4a219312-c074-4133-8b0a-b56d1a2a8882\", \"cpf\": \"607.308.430-76\", \"tenantId\": \"857b53fd-99aa-4e3f-9770-a377f8fddff7\", \"createdAt\": \"2022-04-27T17:00:44.635Z\", \"updatedAt\": \"2022-04-27T17:00:44.635Z\", \"createdById\": \"da4dd1e0-5bae-46ef-904c-7fcf30eb8eb4\", \"isEncerrada\": false, \"updatedById\": \"da4dd1e0-5bae-46ef-904c-7fcf30eb8eb4\", \"dataCerimonia\": \"2022-04-27\", \"idFunerariaId\": \"c20ed143-d396-43c7-999d-ff2d6d5adec7\", \"responsavelId\": \"da4dd1e0-5bae-46ef-904c-7fcf30eb8eb4\", \"nomeHomenageado\": \"RicardoGalacho\", \"responsavelNome\": \"Rcardo\", \"emailResponsavel\": \"1212121212\", \"telefoneResponsavel\": \"(11) 11212-1222\"}'),('77ee469f-3dec-48ff-bb73-d389f1c7954d','cerimonia','86899f2c-b1b7-4d78-8a8c-5cc685bae431','857b53fd-99aa-4e3f-9770-a377f8fddff7','create','ff1c57e0-6917-426c-9c66-3d47a9dadecc','crematorio@palhoca.com.br','2022-04-27 15:42:48','{\"id\": \"86899f2c-b1b7-4d78-8a8c-5cc685bae431\", \"cpf\": \"337.659.260-86\", \"tenantId\": \"857b53fd-99aa-4e3f-9770-a377f8fddff7\", \"createdAt\": \"2022-04-27T15:42:48.858Z\", \"updatedAt\": \"2022-04-27T15:42:48.858Z\", \"createdById\": \"ff1c57e0-6917-426c-9c66-3d47a9dadecc\", \"isEncerrada\": false, \"updatedById\": \"ff1c57e0-6917-426c-9c66-3d47a9dadecc\", \"dataCerimonia\": \"2022-04-27\", \"idFunerariaId\": \"26ddb802-e82e-42bb-a634-687c199989a5\", \"responsavelId\": \"ff1c57e0-6917-426c-9c66-3d47a9dadecc\", \"nomeHomenageado\": \"pedro belza\", \"responsavelNome\": \"carlaa\", \"emailResponsavel\": \"dasda@gas.com\", \"telefoneResponsavel\": \"(23) 13213-1231\"}'),('7963869e-5255-400b-8884-39a0acabf3e7','cerimoniaData','d3ff3462-5c41-4157-99d4-06d895abf3ce','857b53fd-99aa-4e3f-9770-a377f8fddff7','create','103c8a49-a4c4-4fb0-89c2-b17ce5d14ba4','jnr0444@gmail.com','2022-04-28 15:51:54','{\"id\": \"d3ff3462-5c41-4157-99d4-06d895abf3ce\", \"nome\": \"RYAN GOSLY\", \"email\": \"\", \"telefone\": \"12999969696\", \"tenantId\": \"857b53fd-99aa-4e3f-9770-a377f8fddff7\", \"createdAt\": \"2022-04-28T15:51:54.670Z\", \"updatedAt\": \"2022-04-28T15:51:54.670Z\", \"cerimoniaId\": \"e24dfcb1-952a-43dc-84cf-a75886c9b1e9\", \"createdById\": \"103c8a49-a4c4-4fb0-89c2-b17ce5d14ba4\", \"updatedById\": \"103c8a49-a4c4-4fb0-89c2-b17ce5d14ba4\", \"idFunerariaId\": \"\"}'),('796aa445-563f-4741-b81d-cd68434b5f13','cerimonia','a78eace8-f956-427a-ad4b-ab6f155e74b7','857b53fd-99aa-4e3f-9770-a377f8fddff7','update','56d9c8b3-6e52-4b38-aa53-d9bbd232d791','admin@teste.com.br','2022-04-25 15:12:36','{\"id\": \"a78eace8-f956-427a-ad4b-ab6f155e74b7\", \"cpf\": \"453.926.538-55\", \"tenantId\": \"857b53fd-99aa-4e3f-9770-a377f8fddff7\", \"createdAt\": \"2022-04-20T20:43:01.000Z\", \"deletedAt\": null, \"updatedAt\": \"2022-04-20T21:25:49.000Z\", \"importHash\": null, \"createdById\": \"56d9c8b3-6e52-4b38-aa53-d9bbd232d791\", \"isEncerrada\": true, \"updatedById\": \"56d9c8b3-6e52-4b38-aa53-d9bbd232d791\", \"dataCerimonia\": \"2022-04-21\", \"responsavelId\": null, \"nomeHomenageado\": \"João da Silva\", \"responsavelNome\": \"Admin@123\", \"emailResponsavel\": \"admin@teste.com.br\", \"telefoneResponsavel\": \"\"}'),('7badcbb3-b52b-4df7-95c5-993e310b14c2','cerimoniaData','2aadab5f-3da2-4b37-af49-130d30c67bab','857b53fd-99aa-4e3f-9770-a377f8fddff7','create','ff1c57e0-6917-426c-9c66-3d47a9dadecc','crematorio@palhoca.com.br','2022-04-29 23:42:09','{\"id\": \"2aadab5f-3da2-4b37-af49-130d30c67bab\", \"nome\": \"YYTTTRF\", \"email\": \"\", \"telefone\": \"55555555\", \"tenantId\": \"857b53fd-99aa-4e3f-9770-a377f8fddff7\", \"createdAt\": \"2022-04-29T23:42:09.569Z\", \"updatedAt\": \"2022-04-29T23:42:09.569Z\", \"cerimoniaId\": \"78a13374-3b09-4140-9ca4-8515d26b2e6a\", \"createdById\": \"ff1c57e0-6917-426c-9c66-3d47a9dadecc\", \"updatedById\": \"ff1c57e0-6917-426c-9c66-3d47a9dadecc\", \"idFunerariaId\": \"26ddb802-e82e-42bb-a634-687c199989a5\"}'),('7c7c237b-7275-49e8-9f65-527e1b843b25','cerimonia','7623dea3-49c4-4e22-a968-e7abfc48537a','857b53fd-99aa-4e3f-9770-a377f8fddff7','update','da4dd1e0-5bae-46ef-904c-7fcf30eb8eb4','email1010100@teste.net.oul','2022-04-27 14:18:22','{\"id\": \"7623dea3-49c4-4e22-a968-e7abfc48537a\", \"cpf\": \"144.183.264-56\", \"tenantId\": \"857b53fd-99aa-4e3f-9770-a377f8fddff7\", \"createdAt\": \"2022-04-26T17:32:21.000Z\", \"deletedAt\": null, \"updatedAt\": \"2022-04-27T14:18:21.934Z\", \"importHash\": null, \"createdById\": \"da4dd1e0-5bae-46ef-904c-7fcf30eb8eb4\", \"isEncerrada\": true, \"updatedById\": \"da4dd1e0-5bae-46ef-904c-7fcf30eb8eb4\", \"dataCerimonia\": \"2022-04-27\", \"idFunerariaId\": \"c20ed143-d396-43c7-999d-ff2d6d5adec7\", \"responsavelId\": null, \"nomeHomenageado\": \"teste\", \"responsavelNome\": \"blabla\", \"emailResponsavel\": \"teste@teste.com\", \"telefoneResponsavel\": \"(19) 46549-4633\"}'),('833c1925-a308-4163-8ca0-f062e4366ae3','cerimoniaData','d07fd478-c67e-4325-8aed-a33a5ab4c311','857b53fd-99aa-4e3f-9770-a377f8fddff7','create','ff1c57e0-6917-426c-9c66-3d47a9dadecc','crematorio@palhoca.com.br','2022-04-27 15:44:23','{\"id\": \"d07fd478-c67e-4325-8aed-a33a5ab4c311\", \"nome\": \"TTTT\", \"email\": \"\", \"telefone\": \"2222\", \"tenantId\": \"857b53fd-99aa-4e3f-9770-a377f8fddff7\", \"createdAt\": \"2022-04-27T15:44:23.597Z\", \"updatedAt\": \"2022-04-27T15:44:23.597Z\", \"cerimoniaId\": \"dd21565d-5c3e-41c5-bcb1-97f26a7fd577\", \"createdById\": \"ff1c57e0-6917-426c-9c66-3d47a9dadecc\", \"updatedById\": \"ff1c57e0-6917-426c-9c66-3d47a9dadecc\", \"idFunerariaId\": \"26ddb802-e82e-42bb-a634-687c199989a5\"}'),('84187a22-f0eb-4392-90b9-6a34f018ccd9','user','ff1c57e0-6917-426c-9c66-3d47a9dadecc',NULL,'create','ff1c57e0-6917-426c-9c66-3d47a9dadecc','crematorio@palhoca.com.br','2022-04-27 15:33:00','{\"email\": \"crematorio@palhoca.com.br\", \"roles\": [\"enterprise\"], \"status\": \"active\"}'),('85aa5cf2-754b-4dd4-aa3f-8d7c5a26ada5','cerimonia','46b8af2c-671f-4ce8-b16f-5558ffea8791','857b53fd-99aa-4e3f-9770-a377f8fddff7','create','ff1c57e0-6917-426c-9c66-3d47a9dadecc','crematorio@palhoca.com.br','2022-04-27 17:25:22','{\"id\": \"46b8af2c-671f-4ce8-b16f-5558ffea8791\", \"cpf\": \"455.158.759-15\", \"tenantId\": \"857b53fd-99aa-4e3f-9770-a377f8fddff7\", \"createdAt\": \"2022-04-27T17:25:22.617Z\", \"updatedAt\": \"2022-04-27T17:25:22.617Z\", \"createdById\": \"ff1c57e0-6917-426c-9c66-3d47a9dadecc\", \"isEncerrada\": false, \"updatedById\": \"ff1c57e0-6917-426c-9c66-3d47a9dadecc\", \"dataCerimonia\": \"2022-04-27\", \"idFunerariaId\": \"26ddb802-e82e-42bb-a634-687c199989a5\", \"responsavelId\": \"ff1c57e0-6917-426c-9c66-3d47a9dadecc\", \"nomeHomenageado\": \"Estanislau Euclides\", \"responsavelNome\": \"Jane Marcia dos Santos\", \"emailResponsavel\": \"palhoca@crematoriocatarinense.com.br\", \"telefoneResponsavel\": \"(48) 99958-3589\"}'),('8681914a-9f19-4858-a0eb-beab24fe687a','cerimoniaData','4f2d39ab-97e9-4bed-8b77-b95813a07fa2','857b53fd-99aa-4e3f-9770-a377f8fddff7','create','ff1c57e0-6917-426c-9c66-3d47a9dadecc','crematorio@palhoca.com.br','2022-04-27 15:41:11','{\"id\": \"4f2d39ab-97e9-4bed-8b77-b95813a07fa2\", \"nome\": \"TTTTYN\", \"email\": \"\", \"telefone\": \"5552147788\", \"tenantId\": \"857b53fd-99aa-4e3f-9770-a377f8fddff7\", \"createdAt\": \"2022-04-27T15:41:11.331Z\", \"updatedAt\": \"2022-04-27T15:41:11.331Z\", \"cerimoniaId\": \"7a1ba947-537a-47a5-9c94-6216bbaf37b7\", \"createdById\": \"ff1c57e0-6917-426c-9c66-3d47a9dadecc\", \"updatedById\": \"ff1c57e0-6917-426c-9c66-3d47a9dadecc\", \"idFunerariaId\": \"26ddb802-e82e-42bb-a634-687c199989a5\"}'),('87be75ab-86e5-4046-afe0-bea9dfa14b09','cerimonia','5e58b678-ef82-4d1e-94e8-f5d131f2f935','857b53fd-99aa-4e3f-9770-a377f8fddff7','create','da4dd1e0-5bae-46ef-904c-7fcf30eb8eb4','email1010100@teste.net.oul','2022-04-26 14:30:12','{\"id\": \"5e58b678-ef82-4d1e-94e8-f5d131f2f935\", \"cpf\": \"771.010.770-21\", \"tenantId\": \"857b53fd-99aa-4e3f-9770-a377f8fddff7\", \"createdAt\": \"2022-04-26T14:30:11.969Z\", \"updatedAt\": \"2022-04-26T14:30:11.969Z\", \"createdById\": \"da4dd1e0-5bae-46ef-904c-7fcf30eb8eb4\", \"isEncerrada\": false, \"updatedById\": \"da4dd1e0-5bae-46ef-904c-7fcf30eb8eb4\", \"dataCerimonia\": \"2022-04-28\", \"idFunerariaId\": \"c20ed143-d396-43c7-999d-ff2d6d5adec7\", \"responsavelId\": \"da4dd1e0-5bae-46ef-904c-7fcf30eb8eb4\", \"nomeHomenageado\": \"aaaaaaaaaaaa\", \"responsavelNome\": \"77101077021\", \"emailResponsavel\": \"teste@a.com\", \"telefoneResponsavel\": \"(77) 77777-7777\"}'),('88acf548-c262-4148-8b5f-a91a0101bb20','cerimoniaData','b03000fb-5eca-4adf-9152-cf29d90da666','857b53fd-99aa-4e3f-9770-a377f8fddff7','create','ff1c57e0-6917-426c-9c66-3d47a9dadecc','crematorio@palhoca.com.br','2022-04-27 15:43:01','{\"id\": \"b03000fb-5eca-4adf-9152-cf29d90da666\", \"nome\": \"YYYYY\", \"email\": \"\", \"telefone\": \"555\", \"tenantId\": \"857b53fd-99aa-4e3f-9770-a377f8fddff7\", \"createdAt\": \"2022-04-27T15:43:01.205Z\", \"updatedAt\": \"2022-04-27T15:43:01.205Z\", \"cerimoniaId\": \"86899f2c-b1b7-4d78-8a8c-5cc685bae431\", \"createdById\": \"ff1c57e0-6917-426c-9c66-3d47a9dadecc\", \"updatedById\": \"ff1c57e0-6917-426c-9c66-3d47a9dadecc\", \"idFunerariaId\": \"26ddb802-e82e-42bb-a634-687c199989a5\"}'),('8aa71831-3862-4961-a70c-91ac7ff9315e','cerimoniaData','13aca63c-1f21-4019-9c9f-da1112fe4f12','857b53fd-99aa-4e3f-9770-a377f8fddff7','create','da4dd1e0-5bae-46ef-904c-7fcf30eb8eb4','email1010100@teste.net.oul','2022-04-27 13:36:26','{\"id\": \"13aca63c-1f21-4019-9c9f-da1112fe4f12\", \"nome\": \"ricardo\", \"email\": \"\", \"telefone\": \"(12) 31313-1313\", \"tenantId\": \"857b53fd-99aa-4e3f-9770-a377f8fddff7\", \"createdAt\": \"2022-04-27T13:36:26.759Z\", \"updatedAt\": \"2022-04-27T13:36:26.759Z\", \"cerimoniaId\": \"1bcdfb81-995c-4962-ac1e-66fb3653ba8c\", \"createdById\": \"da4dd1e0-5bae-46ef-904c-7fcf30eb8eb4\", \"updatedById\": \"da4dd1e0-5bae-46ef-904c-7fcf30eb8eb4\", \"idFunerariaId\": \"c20ed143-d396-43c7-999d-ff2d6d5adec7\"}'),('8bd5634a-7a09-4ab2-b2e2-4b9539af26e4','cerimonia','a78eace8-f956-427a-ad4b-ab6f155e74b7','857b53fd-99aa-4e3f-9770-a377f8fddff7','update','56d9c8b3-6e52-4b38-aa53-d9bbd232d791','admin@teste.com.br','2022-04-20 21:25:49','{\"id\": \"a78eace8-f956-427a-ad4b-ab6f155e74b7\", \"cpf\": \"453.926.538-55\", \"tenantId\": \"857b53fd-99aa-4e3f-9770-a377f8fddff7\", \"createdAt\": \"2022-04-20T20:43:01.000Z\", \"deletedAt\": null, \"updatedAt\": \"2022-04-20T21:25:49.243Z\", \"importHash\": null, \"createdById\": \"56d9c8b3-6e52-4b38-aa53-d9bbd232d791\", \"isEncerrada\": true, \"updatedById\": \"56d9c8b3-6e52-4b38-aa53-d9bbd232d791\", \"dataCerimonia\": \"2022-04-21\", \"responsavelId\": null, \"nomeHomenageado\": \"João da Silva\", \"responsavelNome\": \"Admin@123\", \"emailResponsavel\": \"admin@teste.com.br\", \"telefoneResponsavel\": \"\"}'),('8be18c6d-90b1-4426-9322-b00860bb6b54','cerimoniaData','9a7507e7-12a3-46f8-8aba-ae0a348b76eb','857b53fd-99aa-4e3f-9770-a377f8fddff7','create','103c8a49-a4c4-4fb0-89c2-b17ce5d14ba4','jnr0444@gmail.com','2022-04-28 15:33:25','{\"id\": \"9a7507e7-12a3-46f8-8aba-ae0a348b76eb\", \"nome\": \"JUNIOR\", \"email\": \"\", \"telefone\": \"12996528445\", \"tenantId\": \"857b53fd-99aa-4e3f-9770-a377f8fddff7\", \"createdAt\": \"2022-04-28T15:33:25.105Z\", \"updatedAt\": \"2022-04-28T15:33:25.105Z\", \"cerimoniaId\": \"1f2225c3-dde7-44ea-a4e2-26ae69484ccf\", \"createdById\": \"103c8a49-a4c4-4fb0-89c2-b17ce5d14ba4\", \"updatedById\": \"103c8a49-a4c4-4fb0-89c2-b17ce5d14ba4\"}'),('8c31cd6b-488f-42c9-b4cd-3e634258029a','cerimoniaData','d2dc8500-7f8e-4034-b96c-453624e73497','857b53fd-99aa-4e3f-9770-a377f8fddff7','create','ff1c57e0-6917-426c-9c66-3d47a9dadecc','crematorio@palhoca.com.br','2022-05-02 13:15:58','{\"id\": \"d2dc8500-7f8e-4034-b96c-453624e73497\", \"nome\": \"MARIA ELIZETE REZIN\", \"email\": \"\", \"telefone\": \"48984649455\", \"tenantId\": \"857b53fd-99aa-4e3f-9770-a377f8fddff7\", \"createdAt\": \"2022-05-02T13:15:58.308Z\", \"updatedAt\": \"2022-05-02T13:15:58.308Z\", \"cerimoniaId\": \"25312516-8e28-41bf-b787-96c831e8c2b2\", \"createdById\": \"ff1c57e0-6917-426c-9c66-3d47a9dadecc\", \"updatedById\": \"ff1c57e0-6917-426c-9c66-3d47a9dadecc\", \"idFunerariaId\": \"26ddb802-e82e-42bb-a634-687c199989a5\"}'),('8e1ff94b-d637-4c52-a268-1c0c55334c14','user','ba9b7607-254a-40b0-be67-d590969fb854',NULL,'create','ba9b7607-254a-40b0-be67-d590969fb854','teste123@123.com','2022-04-26 15:17:51','{\"email\": \"teste123@123.com\", \"roles\": [\"enterprise\"], \"status\": \"active\"}'),('8e32c68d-6c6c-4839-8c51-d1a2ff7ca100','cerimoniaData','ea939b15-2f6b-4779-8f87-8e49c611273f','857b53fd-99aa-4e3f-9770-a377f8fddff7','create','ff1c57e0-6917-426c-9c66-3d47a9dadecc','crematorio@palhoca.com.br','2022-05-02 12:47:07','{\"id\": \"ea939b15-2f6b-4779-8f87-8e49c611273f\", \"nome\": \"MADALENA JUVENCIO DE SOUZA\", \"email\": \"\", \"telefone\": \"48988509562\", \"tenantId\": \"857b53fd-99aa-4e3f-9770-a377f8fddff7\", \"createdAt\": \"2022-05-02T12:47:07.259Z\", \"updatedAt\": \"2022-05-02T12:47:07.259Z\", \"cerimoniaId\": \"25312516-8e28-41bf-b787-96c831e8c2b2\", \"createdById\": \"ff1c57e0-6917-426c-9c66-3d47a9dadecc\", \"updatedById\": \"ff1c57e0-6917-426c-9c66-3d47a9dadecc\", \"idFunerariaId\": \"26ddb802-e82e-42bb-a634-687c199989a5\"}'),('9276a754-953d-44d7-bd83-c7b193e032b6','cerimoniaData','75856c01-6984-4fc9-a526-a53aae204197','857b53fd-99aa-4e3f-9770-a377f8fddff7','create','da4dd1e0-5bae-46ef-904c-7fcf30eb8eb4','email1010100@teste.net.oul','2022-04-27 17:01:18','{\"id\": \"75856c01-6984-4fc9-a526-a53aae204197\", \"nome\": \"dsfghsfdhfghfgh\", \"email\": \"\", \"telefone\": \"(34) 46456-5424\", \"tenantId\": \"857b53fd-99aa-4e3f-9770-a377f8fddff7\", \"createdAt\": \"2022-04-27T17:01:18.825Z\", \"updatedAt\": \"2022-04-27T17:01:18.825Z\", \"cerimoniaId\": \"4a219312-c074-4133-8b0a-b56d1a2a8882\", \"createdById\": \"da4dd1e0-5bae-46ef-904c-7fcf30eb8eb4\", \"updatedById\": \"da4dd1e0-5bae-46ef-904c-7fcf30eb8eb4\", \"idFunerariaId\": \"c20ed143-d396-43c7-999d-ff2d6d5adec7\"}'),('94556db3-f3a5-4787-a072-4c69635679d2','cerimonia','8454edf1-85db-4c54-9936-54a4dbb0d67f','857b53fd-99aa-4e3f-9770-a377f8fddff7','update','ff1c57e0-6917-426c-9c66-3d47a9dadecc','crematorio@palhoca.com.br','2022-04-27 17:22:13','{\"id\": \"8454edf1-85db-4c54-9936-54a4dbb0d67f\", \"cpf\": \"096.237.019-34\", \"tenantId\": \"857b53fd-99aa-4e3f-9770-a377f8fddff7\", \"createdAt\": \"2022-04-27T17:20:46.000Z\", \"deletedAt\": null, \"updatedAt\": \"2022-04-27T17:22:13.294Z\", \"importHash\": null, \"createdById\": \"ff1c57e0-6917-426c-9c66-3d47a9dadecc\", \"isEncerrada\": true, \"updatedById\": \"ff1c57e0-6917-426c-9c66-3d47a9dadecc\", \"dataCerimonia\": \"2022-04-27\", \"idFunerariaId\": \"26ddb802-e82e-42bb-a634-687c199989a5\", \"responsavelId\": null, \"nomeHomenageado\": \"Estanislau Euclides dos Santos\", \"responsavelNome\": \"Jane Marcia dos Santos\", \"emailResponsavel\": \"palhoca@crematoriocatarinense.com.br\", \"telefoneResponsavel\": \"(48) 99958-3589\"}'),('95ba0c3e-d262-483f-94d1-3fc2ad338bfa','cerimoniaData','a31ecbb7-ace2-4922-876f-aa7d115b57ed','857b53fd-99aa-4e3f-9770-a377f8fddff7','create','330b3fa3-b3cd-4a0a-be3b-cb753e7e7180','123@123.com','2022-04-26 15:12:00','{\"id\": \"a31ecbb7-ace2-4922-876f-aa7d115b57ed\", \"nome\": \"TGFDCVN\", \"email\": \"\", \"telefone\": \"257459999663\", \"tenantId\": \"857b53fd-99aa-4e3f-9770-a377f8fddff7\", \"createdAt\": \"2022-04-26T15:12:00.204Z\", \"updatedAt\": \"2022-04-26T15:12:00.204Z\", \"cerimoniaId\": \"fb775e34-d186-42b9-abc9-0774d3462d16\", \"createdById\": \"330b3fa3-b3cd-4a0a-be3b-cb753e7e7180\", \"updatedById\": \"330b3fa3-b3cd-4a0a-be3b-cb753e7e7180\"}'),('95d07a72-2739-4e2c-8419-a0005bc8892c','funeraria','1ac2d7cd-612b-4d6b-aee9-e63bfaaf7f3f','857b53fd-99aa-4e3f-9770-a377f8fddff7','update','56d9c8b3-6e52-4b38-aa53-d9bbd232d791','admin@teste.com.br','2022-04-25 18:46:28','{\"id\": \"1ac2d7cd-612b-4d6b-aee9-e63bfaaf7f3f\", \"cep\": \"53650799\", \"cnpj\": \"1111111111111111111\", \"email\": \"45541160000186@email\", \"numero\": \"115\", \"empresa\": \"45541160000186\", \"telefone\": \"(15) 61651-6515\", \"tenantId\": \"857b53fd-99aa-4e3f-9770-a377f8fddff7\", \"createdAt\": \"2022-04-25T18:25:37.000Z\", \"deletedAt\": null, \"updatedAt\": \"2022-04-25T18:46:27.801Z\", \"importHash\": null, \"complemento\": \"aaaaa\", \"createdById\": \"56d9c8b3-6e52-4b38-aa53-d9bbd232d791\", \"responsavel\": \"45541160000186\", \"updatedById\": \"56d9c8b3-6e52-4b38-aa53-d9bbd232d791\", \"nomeFuneraria\": null}'),('9724a913-d18b-40c7-9060-95a4a942a5c5','funeraria','1ac2d7cd-612b-4d6b-aee9-e63bfaaf7f3f','857b53fd-99aa-4e3f-9770-a377f8fddff7','update','56d9c8b3-6e52-4b38-aa53-d9bbd232d791','admin@teste.com.br','2022-04-25 18:27:45','{\"id\": \"1ac2d7cd-612b-4d6b-aee9-e63bfaaf7f3f\", \"cep\": \"53650799\", \"cnpj\": null, \"email\": \"45541160000186@email\", \"numero\": \"115\", \"empresa\": \"45541160000186\", \"telefone\": null, \"tenantId\": \"857b53fd-99aa-4e3f-9770-a377f8fddff7\", \"createdAt\": \"2022-04-25T18:25:37.000Z\", \"deletedAt\": null, \"updatedAt\": \"2022-04-25T18:27:44.950Z\", \"importHash\": null, \"complemento\": \"aaaaa\", \"createdById\": \"56d9c8b3-6e52-4b38-aa53-d9bbd232d791\", \"responsavel\": \"45541160000186\", \"updatedById\": \"56d9c8b3-6e52-4b38-aa53-d9bbd232d791\", \"nomeFuneraria\": null}'),('9835da43-c4b7-47cf-bf5a-b01185bde028','user','103c8a49-a4c4-4fb0-89c2-b17ce5d14ba4',NULL,'create','103c8a49-a4c4-4fb0-89c2-b17ce5d14ba4','jnr0444@gmail.com','2022-04-26 17:08:58','{\"email\": \"jnr0444@gmail.com\", \"roles\": [\"enterprise\"], \"status\": \"active\"}'),('98d1cd7a-6a7b-4fb1-84fa-32310e3a973f','cerimonia','4a219312-c074-4133-8b0a-b56d1a2a8882','857b53fd-99aa-4e3f-9770-a377f8fddff7','update','da4dd1e0-5bae-46ef-904c-7fcf30eb8eb4','email1010100@teste.net.oul','2022-04-27 17:03:09','{\"id\": \"4a219312-c074-4133-8b0a-b56d1a2a8882\", \"cpf\": \"607.308.430-76\", \"tenantId\": \"857b53fd-99aa-4e3f-9770-a377f8fddff7\", \"createdAt\": \"2022-04-27T17:00:44.000Z\", \"deletedAt\": null, \"updatedAt\": \"2022-04-27T17:03:09.860Z\", \"importHash\": null, \"createdById\": \"da4dd1e0-5bae-46ef-904c-7fcf30eb8eb4\", \"isEncerrada\": true, \"updatedById\": \"da4dd1e0-5bae-46ef-904c-7fcf30eb8eb4\", \"dataCerimonia\": \"2022-04-27\", \"idFunerariaId\": \"c20ed143-d396-43c7-999d-ff2d6d5adec7\", \"responsavelId\": null, \"nomeHomenageado\": \"RicardoGalacho\", \"responsavelNome\": \"Rcardo\", \"emailResponsavel\": \"1212121212\", \"telefoneResponsavel\": \"(11) 11212-1222\"}'),('993f401e-3cf0-4cd4-abd1-397d49173a2d','cerimoniaData','4973dd5d-c49e-471e-b8a3-6701b042d742','857b53fd-99aa-4e3f-9770-a377f8fddff7','create','da4dd1e0-5bae-46ef-904c-7fcf30eb8eb4','email1010100@teste.net.oul','2022-04-28 14:34:14','{\"id\": \"4973dd5d-c49e-471e-b8a3-6701b042d742\", \"nome\": \"41658165\", \"email\": \"\", \"telefone\": \"(32) 10515-6151\", \"tenantId\": \"857b53fd-99aa-4e3f-9770-a377f8fddff7\", \"createdAt\": \"2022-04-28T14:34:13.886Z\", \"updatedAt\": \"2022-04-28T14:34:13.886Z\", \"cerimoniaId\": \"ee190f4e-3268-43e7-ae5e-ce5a17475f34\", \"createdById\": \"da4dd1e0-5bae-46ef-904c-7fcf30eb8eb4\", \"updatedById\": \"da4dd1e0-5bae-46ef-904c-7fcf30eb8eb4\", \"idFunerariaId\": \"c20ed143-d396-43c7-999d-ff2d6d5adec7\"}'),('99909dca-9b24-4fa7-a32b-c672a7b52087','cerimonia','702cab4f-545d-45a8-9ebc-ec5e8fb60f56','857b53fd-99aa-4e3f-9770-a377f8fddff7','create','ff1c57e0-6917-426c-9c66-3d47a9dadecc','crematorio@palhoca.com.br','2022-05-01 17:58:40','{\"id\": \"702cab4f-545d-45a8-9ebc-ec5e8fb60f56\", \"cpf\": \"561.301.479-53\", \"tenantId\": \"857b53fd-99aa-4e3f-9770-a377f8fddff7\", \"createdAt\": \"2022-05-01T17:58:40.399Z\", \"updatedAt\": \"2022-05-01T17:58:40.399Z\", \"createdById\": \"ff1c57e0-6917-426c-9c66-3d47a9dadecc\", \"isEncerrada\": false, \"updatedById\": \"ff1c57e0-6917-426c-9c66-3d47a9dadecc\", \"dataCerimonia\": \"2022-05-01\", \"idFunerariaId\": \"26ddb802-e82e-42bb-a634-687c199989a5\", \"responsavelId\": \"ff1c57e0-6917-426c-9c66-3d47a9dadecc\", \"nomeHomenageado\": \"JORGE ANTONIO ELEOTERIO\", \"responsavelNome\": \"WERNER PAULI ELEOTERIO\", \"emailResponsavel\": \"WERNERPAULI@HOTMAIL.COM\", \"telefoneResponsavel\": \"(48) 98408-8019\"}'),('9bf0459e-6ada-4bfb-93b2-a1a4ca76c7a4','cerimoniaData','c9a95d07-817b-429a-bdf6-8b993b71ca57','857b53fd-99aa-4e3f-9770-a377f8fddff7','create','ff1c57e0-6917-426c-9c66-3d47a9dadecc','crematorio@palhoca.com.br','2022-05-01 19:15:23','{\"id\": \"c9a95d07-817b-429a-bdf6-8b993b71ca57\", \"nome\": \"ANDRE SEIBT\", \"email\": \"\", \"telefone\": \"48996013926\", \"tenantId\": \"857b53fd-99aa-4e3f-9770-a377f8fddff7\", \"createdAt\": \"2022-05-01T19:15:23.753Z\", \"updatedAt\": \"2022-05-01T19:15:23.753Z\", \"cerimoniaId\": \"a82e28a6-31c0-4bf4-8f4a-d4f0c5daf918\", \"createdById\": \"ff1c57e0-6917-426c-9c66-3d47a9dadecc\", \"updatedById\": \"ff1c57e0-6917-426c-9c66-3d47a9dadecc\", \"idFunerariaId\": \"26ddb802-e82e-42bb-a634-687c199989a5\"}'),('9d399da7-daaa-489e-a507-d2479b15fcf3','cerimoniaData','bd51e46c-30a9-44d4-ba1d-cb9540787c39','857b53fd-99aa-4e3f-9770-a377f8fddff7','create','ff1c57e0-6917-426c-9c66-3d47a9dadecc','crematorio@palhoca.com.br','2022-05-02 13:15:22','{\"id\": \"bd51e46c-30a9-44d4-ba1d-cb9540787c39\", \"nome\": \"EDSON MONTEIRO DOS SANTOS\", \"email\": \"\", \"telefone\": \"48984649455\", \"tenantId\": \"857b53fd-99aa-4e3f-9770-a377f8fddff7\", \"createdAt\": \"2022-05-02T13:15:22.212Z\", \"updatedAt\": \"2022-05-02T13:15:22.212Z\", \"cerimoniaId\": \"25312516-8e28-41bf-b787-96c831e8c2b2\", \"createdById\": \"ff1c57e0-6917-426c-9c66-3d47a9dadecc\", \"updatedById\": \"ff1c57e0-6917-426c-9c66-3d47a9dadecc\", \"idFunerariaId\": \"26ddb802-e82e-42bb-a634-687c199989a5\"}'),('9d5fafaa-899d-4a25-bbf8-bb508f5a540e','funeraria','26ddb802-e82e-42bb-a634-687c199989a5','857b53fd-99aa-4e3f-9770-a377f8fddff7','create','56d9c8b3-6e52-4b38-aa53-d9bbd232d791','admin@teste.com.br','2022-04-27 15:33:01','{\"id\": \"26ddb802-e82e-42bb-a634-687c199989a5\", \"cep\": \"2\", \"cnpj\": \"04.304.648/0001-02\", \"email\": \"crematorio@palhoca.com.br\", \"numero\": \"2\", \"userId\": \"ff1c57e0-6917-426c-9c66-3d47a9dadecc\", \"empresa\": \"crematorio\", \"telefone\": \"(22) _____-____\", \"tenantId\": \"857b53fd-99aa-4e3f-9770-a377f8fddff7\", \"createdAt\": \"2022-04-27T15:33:01.454Z\", \"updatedAt\": \"2022-04-27T15:33:01.454Z\", \"complemento\": \"2\", \"createdById\": \"56d9c8b3-6e52-4b38-aa53-d9bbd232d791\", \"responsavel\": \"jon\", \"updatedById\": \"56d9c8b3-6e52-4b38-aa53-d9bbd232d791\"}'),('a039f791-0ed1-4564-8c1a-3798435e59e0','cerimoniaData','f707cc18-b8cc-42af-9630-4a1065b683e1','857b53fd-99aa-4e3f-9770-a377f8fddff7','create','ff1c57e0-6917-426c-9c66-3d47a9dadecc','crematorio@palhoca.com.br','2022-04-28 19:46:19','{\"id\": \"f707cc18-b8cc-42af-9630-4a1065b683e1\", \"nome\": \"TMMU\", \"email\": \"\", \"telefone\": \"1588\", \"tenantId\": \"857b53fd-99aa-4e3f-9770-a377f8fddff7\", \"createdAt\": \"2022-04-28T19:46:19.070Z\", \"updatedAt\": \"2022-04-28T19:46:19.070Z\", \"cerimoniaId\": \"1276b484-6a46-47c3-afe5-2bdfdd8fc185\", \"createdById\": \"ff1c57e0-6917-426c-9c66-3d47a9dadecc\", \"updatedById\": \"ff1c57e0-6917-426c-9c66-3d47a9dadecc\", \"idFunerariaId\": \"26ddb802-e82e-42bb-a634-687c199989a5\"}'),('a3c278b4-d015-4147-af56-3b8f6ac6a966','cerimoniaData','d7d703c4-7168-4818-a6ca-5deccd4929a1','857b53fd-99aa-4e3f-9770-a377f8fddff7','create','ff1c57e0-6917-426c-9c66-3d47a9dadecc','crematorio@palhoca.com.br','2022-04-27 15:38:21','{\"id\": \"d7d703c4-7168-4818-a6ca-5deccd4929a1\", \"nome\": \"TTT\", \"email\": \"\", \"telefone\": \"255555\", \"tenantId\": \"857b53fd-99aa-4e3f-9770-a377f8fddff7\", \"createdAt\": \"2022-04-27T15:38:21.421Z\", \"updatedAt\": \"2022-04-27T15:38:21.421Z\", \"cerimoniaId\": \"ebc82251-5ecf-45f8-ab99-a4983d8903ea\", \"createdById\": \"ff1c57e0-6917-426c-9c66-3d47a9dadecc\", \"updatedById\": \"ff1c57e0-6917-426c-9c66-3d47a9dadecc\", \"idFunerariaId\": \"26ddb802-e82e-42bb-a634-687c199989a5\"}'),('a3daf0e7-5d44-4f50-af41-7c62ff035e21','user','59be8cdf-a117-4b48-bf22-eb61ac256f4b',NULL,'create','59be8cdf-a117-4b48-bf22-eb61ac256f4b','email@teste.com','2022-04-19 21:46:27','{\"email\": \"email@teste.com\", \"roles\": [\"admin\"], \"status\": \"active\"}'),('a60f0a04-d75e-41e1-bdd3-82f887ed40dd','cerimoniaData','7f049991-9528-4f8d-a0df-6e3f62b11d1e','857b53fd-99aa-4e3f-9770-a377f8fddff7','create','da4dd1e0-5bae-46ef-904c-7fcf30eb8eb4','email1010100@teste.net.oul','2022-04-26 16:46:49','{\"id\": \"7f049991-9528-4f8d-a0df-6e3f62b11d1e\", \"nome\": \"TEWQASXCDFV\", \"email\": \"\", \"telefone\": \"25870632254\", \"tenantId\": \"857b53fd-99aa-4e3f-9770-a377f8fddff7\", \"createdAt\": \"2022-04-26T16:46:49.857Z\", \"updatedAt\": \"2022-04-26T16:46:49.857Z\", \"cerimoniaId\": \"48457d21-822c-4a31-a937-c2bb77b3b295\", \"createdById\": \"da4dd1e0-5bae-46ef-904c-7fcf30eb8eb4\", \"updatedById\": \"da4dd1e0-5bae-46ef-904c-7fcf30eb8eb4\"}'),('a67f8e61-4b35-48c8-88ce-3fede6ee2a3a','cerimoniaData','839f2f42-16ea-4f60-8c8b-0927871a0f0e','857b53fd-99aa-4e3f-9770-a377f8fddff7','create','da4dd1e0-5bae-46ef-904c-7fcf30eb8eb4','email1010100@teste.net.oul','2022-04-26 17:39:04','{\"id\": \"839f2f42-16ea-4f60-8c8b-0927871a0f0e\", \"nome\": \"QQQQQQQQQ\", \"email\": \"\", \"telefone\": \"11111111111111\", \"tenantId\": \"857b53fd-99aa-4e3f-9770-a377f8fddff7\", \"createdAt\": \"2022-04-26T17:39:04.623Z\", \"updatedAt\": \"2022-04-26T17:39:04.623Z\", \"cerimoniaId\": \"b323f1f2-1985-4968-a38e-6080f0403e1e\", \"createdById\": \"da4dd1e0-5bae-46ef-904c-7fcf30eb8eb4\", \"updatedById\": \"da4dd1e0-5bae-46ef-904c-7fcf30eb8eb4\"}'),('a6971d2d-e8b6-4c1a-a388-f5930b36a982','funeraria','1ac2d7cd-612b-4d6b-aee9-e63bfaaf7f3f','857b53fd-99aa-4e3f-9770-a377f8fddff7','update','56d9c8b3-6e52-4b38-aa53-d9bbd232d791','admin@teste.com.br','2022-04-25 18:30:41','{\"id\": \"1ac2d7cd-612b-4d6b-aee9-e63bfaaf7f3f\", \"cep\": \"53650799\", \"cnpj\": null, \"email\": \"45541160000186@email\", \"numero\": \"115\", \"empresa\": \"45541160000186\", \"telefone\": null, \"tenantId\": \"857b53fd-99aa-4e3f-9770-a377f8fddff7\", \"createdAt\": \"2022-04-25T18:25:37.000Z\", \"deletedAt\": null, \"updatedAt\": \"2022-04-25T18:27:44.000Z\", \"importHash\": null, \"complemento\": \"aaaaa\", \"createdById\": \"56d9c8b3-6e52-4b38-aa53-d9bbd232d791\", \"responsavel\": \"45541160000186\", \"updatedById\": \"56d9c8b3-6e52-4b38-aa53-d9bbd232d791\", \"nomeFuneraria\": null}'),('ac2a83d7-e43c-4220-b941-da307b84b0f5','cerimonia','efc25c77-a5c4-45eb-8a17-8c2c0427701c','857b53fd-99aa-4e3f-9770-a377f8fddff7','create','da4dd1e0-5bae-46ef-904c-7fcf30eb8eb4','email1010100@teste.net.oul','2022-04-27 13:42:30','{\"id\": \"efc25c77-a5c4-45eb-8a17-8c2c0427701c\", \"cpf\": \"001.770.510-00\", \"tenantId\": \"857b53fd-99aa-4e3f-9770-a377f8fddff7\", \"createdAt\": \"2022-04-27T13:42:30.895Z\", \"updatedAt\": \"2022-04-27T13:42:30.895Z\", \"createdById\": \"da4dd1e0-5bae-46ef-904c-7fcf30eb8eb4\", \"isEncerrada\": false, \"updatedById\": \"da4dd1e0-5bae-46ef-904c-7fcf30eb8eb4\", \"dataCerimonia\": \"2022-04-27\", \"idFunerariaId\": \"c20ed143-d396-43c7-999d-ff2d6d5adec7\", \"responsavelId\": \"da4dd1e0-5bae-46ef-904c-7fcf30eb8eb4\", \"nomeHomenageado\": \"Beatriz\", \"responsavelNome\": \"ricardo\", \"emailResponsavel\": \"ricardo.galacho@technite.com.br\", \"telefoneResponsavel\": \"(94) 16729-96__\"}'),('ad1d70b9-8ce2-424c-ac25-5f674099e208','cerimoniaData','53bdf55a-6611-4db6-b2d4-596d729174cf','857b53fd-99aa-4e3f-9770-a377f8fddff7','create','56d9c8b3-6e52-4b38-aa53-d9bbd232d791','admin@teste.com.br','2022-04-20 20:37:28','{\"id\": \"53bdf55a-6611-4db6-b2d4-596d729174cf\", \"nome\": \"REFYHJ\", \"email\": \"HD@RRR\", \"telefone\": \"(56) 654__-____\", \"tenantId\": \"857b53fd-99aa-4e3f-9770-a377f8fddff7\", \"createdAt\": \"2022-04-20T20:37:28.664Z\", \"updatedAt\": \"2022-04-20T20:37:28.664Z\", \"cerimoniaId\": null, \"createdById\": \"56d9c8b3-6e52-4b38-aa53-d9bbd232d791\", \"updatedById\": \"56d9c8b3-6e52-4b38-aa53-d9bbd232d791\"}'),('af16798a-5d8c-4ec6-a307-b46ec5f6d0ff','user','5bf8428b-4e74-4a72-a33d-f0ef0298688b',NULL,'create',NULL,NULL,'2022-04-26 16:57:53','{\"id\": \"5bf8428b-4e74-4a72-a33d-f0ef0298688b\", \"email\": \"emaildoze@teste.oul\", \"fullName\": \"Empresa\", \"lastName\": null, \"createdAt\": \"2022-04-26T16:57:52.964Z\", \"firstName\": \"Empresa\", \"updatedAt\": \"2022-04-26T16:57:52.964Z\", \"emailVerified\": false}'),('b2c2e928-ac1e-4982-9baa-d2f5cfc63686','cerimoniaData','27fa139d-1865-4e51-a0bd-6974ef504848','857b53fd-99aa-4e3f-9770-a377f8fddff7','create','56d9c8b3-6e52-4b38-aa53-d9bbd232d791','admin@teste.com.br','2022-04-28 15:54:34','{\"id\": \"27fa139d-1865-4e51-a0bd-6974ef504848\", \"nome\": \"WWWWWWWWWWW\", \"email\": \"\", \"telefone\": \"15996875200\", \"tenantId\": \"857b53fd-99aa-4e3f-9770-a377f8fddff7\", \"createdAt\": \"2022-04-28T15:54:34.595Z\", \"updatedAt\": \"2022-04-28T15:54:34.595Z\", \"cerimoniaId\": \"e24dfcb1-952a-43dc-84cf-a75886c9b1e9\", \"createdById\": \"56d9c8b3-6e52-4b38-aa53-d9bbd232d791\", \"updatedById\": \"56d9c8b3-6e52-4b38-aa53-d9bbd232d791\", \"idFunerariaId\": \"\"}'),('b53d905b-0bd0-44e2-8d8a-a1d048cc6d37','funeraria','c20ed143-d396-43c7-999d-ff2d6d5adec7','857b53fd-99aa-4e3f-9770-a377f8fddff7','create','56d9c8b3-6e52-4b38-aa53-d9bbd232d791','admin@teste.com.br','2022-04-26 13:20:07','{\"id\": \"c20ed143-d396-43c7-999d-ff2d6d5adec7\", \"cep\": \"11111111111\", \"cnpj\": \"00.101.010/1010-10\", \"email\": \"email1010100@teste.net.oul\", \"numero\": \"11111111111\", \"userId\": \"da4dd1e0-5bae-46ef-904c-7fcf30eb8eb4\", \"empresa\": \"empresateste101\", \"telefone\": \"(12) 11111-1111\", \"tenantId\": \"857b53fd-99aa-4e3f-9770-a377f8fddff7\", \"createdAt\": \"2022-04-26T13:20:06.798Z\", \"updatedAt\": \"2022-04-26T13:20:06.798Z\", \"complemento\": \"11111111111\", \"createdById\": \"56d9c8b3-6e52-4b38-aa53-d9bbd232d791\", \"responsavel\": \"empresateste101 dono \", \"updatedById\": \"56d9c8b3-6e52-4b38-aa53-d9bbd232d791\"}'),('b7dd465a-1c9e-4a4b-aad9-471c68dfc5ec','cerimonia','78a13374-3b09-4140-9ca4-8515d26b2e6a','857b53fd-99aa-4e3f-9770-a377f8fddff7','create','ff1c57e0-6917-426c-9c66-3d47a9dadecc','crematorio@palhoca.com.br','2022-04-29 12:29:50','{\"id\": \"78a13374-3b09-4140-9ca4-8515d26b2e6a\", \"cpf\": \"021.861.959-68\", \"tenantId\": \"857b53fd-99aa-4e3f-9770-a377f8fddff7\", \"createdAt\": \"2022-04-29T12:29:50.425Z\", \"updatedAt\": \"2022-04-29T12:29:50.425Z\", \"createdById\": \"ff1c57e0-6917-426c-9c66-3d47a9dadecc\", \"isEncerrada\": false, \"updatedById\": \"ff1c57e0-6917-426c-9c66-3d47a9dadecc\", \"dataCerimonia\": \"2022-04-29\", \"idFunerariaId\": \"26ddb802-e82e-42bb-a634-687c199989a5\", \"responsavelId\": \"ff1c57e0-6917-426c-9c66-3d47a9dadecc\", \"nomeHomenageado\": \"Arno Sulis\", \"responsavelNome\": \"Roger\", \"emailResponsavel\": \"mikhsulir@gmail.com\", \"telefoneResponsavel\": \"(48) 99669-9028\"}'),('bac44dfc-58b7-4cdd-95bf-e0fe60cb4f60','funeraria','1ac2d7cd-612b-4d6b-aee9-e63bfaaf7f3f','857b53fd-99aa-4e3f-9770-a377f8fddff7','update','56d9c8b3-6e52-4b38-aa53-d9bbd232d791','admin@teste.com.br','2022-04-25 18:42:31','{\"id\": \"1ac2d7cd-612b-4d6b-aee9-e63bfaaf7f3f\", \"cep\": \"53650799\", \"cnpj\": \"555555555555\", \"email\": \"45541160000186@email\", \"numero\": \"115\", \"empresa\": \"45541160000186\", \"telefone\": \"(15) 61651-6515\", \"tenantId\": \"857b53fd-99aa-4e3f-9770-a377f8fddff7\", \"createdAt\": \"2022-04-25T18:25:37.000Z\", \"deletedAt\": null, \"updatedAt\": \"2022-04-25T18:42:31.570Z\", \"importHash\": null, \"complemento\": \"aaaaa\", \"createdById\": \"56d9c8b3-6e52-4b38-aa53-d9bbd232d791\", \"responsavel\": \"45541160000186\", \"updatedById\": \"56d9c8b3-6e52-4b38-aa53-d9bbd232d791\", \"nomeFuneraria\": null}'),('bbe25fd2-3d9b-485b-9a62-0b9467c8c66e','cerimoniaData','487c35ad-5d33-4914-bc34-643e276cd62d','857b53fd-99aa-4e3f-9770-a377f8fddff7','create','da4dd1e0-5bae-46ef-904c-7fcf30eb8eb4','email1010100@teste.net.oul','2022-04-27 13:42:48','{\"id\": \"487c35ad-5d33-4914-bc34-643e276cd62d\", \"nome\": \"ricardo\", \"email\": \"\", \"telefone\": \"(13) 13131-3131\", \"tenantId\": \"857b53fd-99aa-4e3f-9770-a377f8fddff7\", \"createdAt\": \"2022-04-27T13:42:48.176Z\", \"updatedAt\": \"2022-04-27T13:42:48.176Z\", \"cerimoniaId\": \"efc25c77-a5c4-45eb-8a17-8c2c0427701c\", \"createdById\": \"da4dd1e0-5bae-46ef-904c-7fcf30eb8eb4\", \"updatedById\": \"da4dd1e0-5bae-46ef-904c-7fcf30eb8eb4\", \"idFunerariaId\": \"c20ed143-d396-43c7-999d-ff2d6d5adec7\"}'),('bbe6242f-6de3-42c7-9fad-6faea4d6be54','cerimoniaData','fdd59632-4ad7-4f10-971e-604ff4bb6e4f','857b53fd-99aa-4e3f-9770-a377f8fddff7','create','ff1c57e0-6917-426c-9c66-3d47a9dadecc','crematorio@palhoca.com.br','2022-05-02 12:43:55','{\"id\": \"fdd59632-4ad7-4f10-971e-604ff4bb6e4f\", \"nome\": \"CAROLINE DE SOZA FASBINDER\", \"email\": \"\", \"telefone\": \"48988509562\", \"tenantId\": \"857b53fd-99aa-4e3f-9770-a377f8fddff7\", \"createdAt\": \"2022-05-02T12:43:55.452Z\", \"updatedAt\": \"2022-05-02T12:43:55.452Z\", \"cerimoniaId\": \"25312516-8e28-41bf-b787-96c831e8c2b2\", \"createdById\": \"ff1c57e0-6917-426c-9c66-3d47a9dadecc\", \"updatedById\": \"ff1c57e0-6917-426c-9c66-3d47a9dadecc\", \"idFunerariaId\": \"26ddb802-e82e-42bb-a634-687c199989a5\"}'),('bcbba77a-08a2-4e7a-b6f7-e85f1eb81378','cerimonia','1bcdfb81-995c-4962-ac1e-66fb3653ba8c','857b53fd-99aa-4e3f-9770-a377f8fddff7','update','da4dd1e0-5bae-46ef-904c-7fcf30eb8eb4','email1010100@teste.net.oul','2022-04-27 13:37:46','{\"id\": \"1bcdfb81-995c-4962-ac1e-66fb3653ba8c\", \"cpf\": \"384.063.828-30\", \"tenantId\": \"857b53fd-99aa-4e3f-9770-a377f8fddff7\", \"createdAt\": \"2022-04-27T13:36:07.000Z\", \"deletedAt\": null, \"updatedAt\": \"2022-04-27T13:37:38.000Z\", \"importHash\": null, \"createdById\": \"da4dd1e0-5bae-46ef-904c-7fcf30eb8eb4\", \"isEncerrada\": true, \"updatedById\": \"da4dd1e0-5bae-46ef-904c-7fcf30eb8eb4\", \"dataCerimonia\": \"2022-04-27\", \"idFunerariaId\": \"c20ed143-d396-43c7-999d-ff2d6d5adec7\", \"responsavelId\": null, \"nomeHomenageado\": \"Galacho\", \"responsavelNome\": \"Ricardo\", \"emailResponsavel\": \"ricardo.galacho@technite.com.br\", \"telefoneResponsavel\": \"(94) 16729-96__\"}'),('bd46469e-b8b2-448d-a2a9-a1b437fd7152','cerimoniaData','b3ab05a8-2bcd-41cc-8e92-e38e10011373','857b53fd-99aa-4e3f-9770-a377f8fddff7','create','ff1c57e0-6917-426c-9c66-3d47a9dadecc','crematorio@palhoca.com.br','2022-04-27 15:37:23','{\"id\": \"b3ab05a8-2bcd-41cc-8e92-e38e10011373\", \"nome\": \"GGGG\", \"email\": \"\", \"telefone\": \"5214\", \"tenantId\": \"857b53fd-99aa-4e3f-9770-a377f8fddff7\", \"createdAt\": \"2022-04-27T15:37:23.227Z\", \"updatedAt\": \"2022-04-27T15:37:23.227Z\", \"cerimoniaId\": \"ebc82251-5ecf-45f8-ab99-a4983d8903ea\", \"createdById\": \"ff1c57e0-6917-426c-9c66-3d47a9dadecc\", \"updatedById\": \"ff1c57e0-6917-426c-9c66-3d47a9dadecc\", \"idFunerariaId\": \"26ddb802-e82e-42bb-a634-687c199989a5\"}'),('c157348a-725c-4204-80ee-2ae59bbe2a61','cerimoniaData','cc9629ce-9a70-4fa4-bd68-8c09cfbadae2','857b53fd-99aa-4e3f-9770-a377f8fddff7','create','56d9c8b3-6e52-4b38-aa53-d9bbd232d791','admin@teste.com.br','2022-04-29 15:16:03','{\"id\": \"cc9629ce-9a70-4fa4-bd68-8c09cfbadae2\", \"nome\": \"QQQQQQQQQQQQWWWW\", \"email\": \"\", \"telefone\": \"1111111111111\", \"tenantId\": \"857b53fd-99aa-4e3f-9770-a377f8fddff7\", \"createdAt\": \"2022-04-29T15:16:03.646Z\", \"updatedAt\": \"2022-04-29T15:16:03.646Z\", \"cerimoniaId\": \"1f2225c3-dde7-44ea-a4e2-26ae69484ccf\", \"createdById\": \"56d9c8b3-6e52-4b38-aa53-d9bbd232d791\", \"updatedById\": \"56d9c8b3-6e52-4b38-aa53-d9bbd232d791\", \"idFunerariaId\": \"\"}'),('c28ebe35-2949-450a-817c-d48a3892f2c5','cerimoniaData','e0db9aae-7984-40da-9626-4fb7422d5ce0','857b53fd-99aa-4e3f-9770-a377f8fddff7','create','ff1c57e0-6917-426c-9c66-3d47a9dadecc','crematorio@palhoca.com.br','2022-05-01 18:58:12','{\"id\": \"e0db9aae-7984-40da-9626-4fb7422d5ce0\", \"nome\": \"ROBSON GUIMARAES\", \"email\": \"\", \"telefone\": \"48999509332\", \"tenantId\": \"857b53fd-99aa-4e3f-9770-a377f8fddff7\", \"createdAt\": \"2022-05-01T18:58:12.238Z\", \"updatedAt\": \"2022-05-01T18:58:12.238Z\", \"cerimoniaId\": \"a82e28a6-31c0-4bf4-8f4a-d4f0c5daf918\", \"createdById\": \"ff1c57e0-6917-426c-9c66-3d47a9dadecc\", \"updatedById\": \"ff1c57e0-6917-426c-9c66-3d47a9dadecc\", \"idFunerariaId\": \"26ddb802-e82e-42bb-a634-687c199989a5\"}'),('c3401dfb-7b35-4474-9594-286fbea5309a','cerimonia','7623dea3-49c4-4e22-a968-e7abfc48537a','857b53fd-99aa-4e3f-9770-a377f8fddff7','create','da4dd1e0-5bae-46ef-904c-7fcf30eb8eb4','email1010100@teste.net.oul','2022-04-26 17:32:21','{\"id\": \"7623dea3-49c4-4e22-a968-e7abfc48537a\", \"cpf\": \"144.183.264-56\", \"tenantId\": \"857b53fd-99aa-4e3f-9770-a377f8fddff7\", \"createdAt\": \"2022-04-26T17:32:21.388Z\", \"updatedAt\": \"2022-04-26T17:32:21.388Z\", \"createdById\": \"da4dd1e0-5bae-46ef-904c-7fcf30eb8eb4\", \"isEncerrada\": false, \"updatedById\": \"da4dd1e0-5bae-46ef-904c-7fcf30eb8eb4\", \"dataCerimonia\": \"2022-04-27\", \"idFunerariaId\": \"c20ed143-d396-43c7-999d-ff2d6d5adec7\", \"responsavelId\": \"da4dd1e0-5bae-46ef-904c-7fcf30eb8eb4\", \"nomeHomenageado\": \"teste\", \"responsavelNome\": \"blabla\", \"emailResponsavel\": \"teste@teste.com\", \"telefoneResponsavel\": \"(19) 46549-4633\"}'),('c4984d0c-21fc-4349-aea4-d414bf9b5192','user','d675e448-7f7a-4b28-8ad3-82798fc0d09f',NULL,'create','d675e448-7f7a-4b28-8ad3-82798fc0d09f','teste@emailteste.net.oul','2022-04-26 11:17:39','{\"email\": \"teste@emailteste.net.oul\", \"roles\": [\"enterprise\"], \"status\": \"active\"}'),('c4e89615-f384-46fc-ab14-cdedb3c314d0','cerimoniaData','ce846fab-1036-4952-b19e-6896371e70d8','857b53fd-99aa-4e3f-9770-a377f8fddff7','create','da4dd1e0-5bae-46ef-904c-7fcf30eb8eb4','email1010100@teste.net.oul','2022-04-27 17:02:30','{\"id\": \"ce846fab-1036-4952-b19e-6896371e70d8\", \"nome\": \"dgdfdhsh\", \"email\": \"\", \"telefone\": \"(23) 45234-5432\", \"tenantId\": \"857b53fd-99aa-4e3f-9770-a377f8fddff7\", \"createdAt\": \"2022-04-27T17:02:30.132Z\", \"updatedAt\": \"2022-04-27T17:02:30.132Z\", \"cerimoniaId\": \"4a219312-c074-4133-8b0a-b56d1a2a8882\", \"createdById\": \"da4dd1e0-5bae-46ef-904c-7fcf30eb8eb4\", \"updatedById\": \"da4dd1e0-5bae-46ef-904c-7fcf30eb8eb4\", \"idFunerariaId\": \"c20ed143-d396-43c7-999d-ff2d6d5adec7\"}'),('c7df0e5a-8d4d-4a5f-9e86-28d8c9d741e4','user','103c8a49-a4c4-4fb0-89c2-b17ce5d14ba4',NULL,'create',NULL,NULL,'2022-04-26 17:08:57','{\"id\": \"103c8a49-a4c4-4fb0-89c2-b17ce5d14ba4\", \"email\": \"jnr0444@gmail.com\", \"fullName\": \"Ryan\", \"lastName\": null, \"createdAt\": \"2022-04-26T17:08:57.755Z\", \"firstName\": \"Ryan\", \"updatedAt\": \"2022-04-26T17:08:57.755Z\", \"emailVerified\": false}'),('c921f784-5739-4ce3-b074-01536d449c21','cerimonia','fb775e34-d186-42b9-abc9-0774d3462d16','857b53fd-99aa-4e3f-9770-a377f8fddff7','create','330b3fa3-b3cd-4a0a-be3b-cb753e7e7180','123@123.com','2022-04-26 15:10:56','{\"id\": \"fb775e34-d186-42b9-abc9-0774d3462d16\", \"cpf\": \"913.866.870-06\", \"tenantId\": \"857b53fd-99aa-4e3f-9770-a377f8fddff7\", \"createdAt\": \"2022-04-26T15:10:56.116Z\", \"updatedAt\": \"2022-04-26T15:10:56.116Z\", \"createdById\": \"330b3fa3-b3cd-4a0a-be3b-cb753e7e7180\", \"isEncerrada\": false, \"updatedById\": \"330b3fa3-b3cd-4a0a-be3b-cb753e7e7180\", \"dataCerimonia\": \"2022-04-26\", \"responsavelId\": \"330b3fa3-b3cd-4a0a-be3b-cb753e7e7180\", \"nomeHomenageado\": \"joao\", \"responsavelNome\": \"matheus\", \"emailResponsavel\": \"lintemani.matheus@gmail.com\", \"telefoneResponsavel\": \"(55) 55555-____\"}'),('c9d354b3-8fc7-478a-84af-3c1ba3a70f2c','cerimonia','f3afb925-997e-463c-9b1f-9d3fa3c12adc','857b53fd-99aa-4e3f-9770-a377f8fddff7','update','ff1c57e0-6917-426c-9c66-3d47a9dadecc','crematorio@palhoca.com.br','2022-04-27 17:28:30','{\"id\": \"f3afb925-997e-463c-9b1f-9d3fa3c12adc\", \"cpf\": \"062.966.609-10\", \"tenantId\": \"857b53fd-99aa-4e3f-9770-a377f8fddff7\", \"createdAt\": \"2022-04-27T17:27:48.000Z\", \"deletedAt\": null, \"updatedAt\": \"2022-04-27T17:28:30.273Z\", \"importHash\": null, \"createdById\": \"ff1c57e0-6917-426c-9c66-3d47a9dadecc\", \"isEncerrada\": true, \"updatedById\": \"ff1c57e0-6917-426c-9c66-3d47a9dadecc\", \"dataCerimonia\": \"2022-04-27\", \"idFunerariaId\": \"26ddb802-e82e-42bb-a634-687c199989a5\", \"responsavelId\": null, \"nomeHomenageado\": \"Vhhasahjgxhjas\", \"responsavelNome\": \"Valquiria\", \"emailResponsavel\": \"santacatarina.matheus@gmail.com\", \"telefoneResponsavel\": \"(54) 77_27-6___\"}'),('ca11d78d-e53b-43eb-9fc3-a8bdcee2f228','user','5bf8428b-4e74-4a72-a33d-f0ef0298688b',NULL,'create','5bf8428b-4e74-4a72-a33d-f0ef0298688b','emaildoze@teste.oul','2022-04-26 16:57:53','{\"email\": \"emaildoze@teste.oul\", \"roles\": [\"enterprise\"], \"status\": \"active\"}'),('cadb1a8e-adc1-42bb-a813-4ebcab2d0926','cerimoniaData','8cd6e6be-9257-4c1a-a62d-2c87a5f0ab07','857b53fd-99aa-4e3f-9770-a377f8fddff7','create','ff1c57e0-6917-426c-9c66-3d47a9dadecc','crematorio@palhoca.com.br','2022-04-27 15:40:56','{\"id\": \"8cd6e6be-9257-4c1a-a62d-2c87a5f0ab07\", \"nome\": \"BBBB\", \"email\": \"\", \"telefone\": \"2555555\", \"tenantId\": \"857b53fd-99aa-4e3f-9770-a377f8fddff7\", \"createdAt\": \"2022-04-27T15:40:56.058Z\", \"updatedAt\": \"2022-04-27T15:40:56.058Z\", \"cerimoniaId\": \"7a1ba947-537a-47a5-9c94-6216bbaf37b7\", \"createdById\": \"ff1c57e0-6917-426c-9c66-3d47a9dadecc\", \"updatedById\": \"ff1c57e0-6917-426c-9c66-3d47a9dadecc\", \"idFunerariaId\": \"26ddb802-e82e-42bb-a634-687c199989a5\"}'),('cb53a12d-cffa-44e7-a7a0-0bd895f60fe9','cerimonia','e49903f0-f451-4b40-9c2f-36af6ebaadf0','857b53fd-99aa-4e3f-9770-a377f8fddff7','create','103c8a49-a4c4-4fb0-89c2-b17ce5d14ba4','jnr0444@gmail.com','2022-04-28 14:26:11','{\"id\": \"e49903f0-f451-4b40-9c2f-36af6ebaadf0\", \"cpf\": \"049.814.102-04\", \"tenantId\": \"857b53fd-99aa-4e3f-9770-a377f8fddff7\", \"createdAt\": \"2022-04-28T14:26:11.044Z\", \"updatedAt\": \"2022-04-28T14:26:11.044Z\", \"createdById\": \"103c8a49-a4c4-4fb0-89c2-b17ce5d14ba4\", \"isEncerrada\": false, \"updatedById\": \"103c8a49-a4c4-4fb0-89c2-b17ce5d14ba4\", \"dataCerimonia\": \"2022-04-28\", \"idFunerariaId\": null, \"responsavelId\": \"103c8a49-a4c4-4fb0-89c2-b17ce5d14ba4\", \"nomeHomenageado\": \"Ryan \", \"responsavelNome\": \"Evaldinho\", \"emailResponsavel\": \"jnr0444@gmail.com\", \"telefoneResponsavel\": \"(12) 99898-2304\"}'),('cb55db02-420e-43d3-9b76-3fdff1444ec7','cerimonia','7a1ba947-537a-47a5-9c94-6216bbaf37b7','857b53fd-99aa-4e3f-9770-a377f8fddff7','create','ff1c57e0-6917-426c-9c66-3d47a9dadecc','crematorio@palhoca.com.br','2022-04-27 15:40:41','{\"id\": \"7a1ba947-537a-47a5-9c94-6216bbaf37b7\", \"cpf\": \"804.852.000-15\", \"tenantId\": \"857b53fd-99aa-4e3f-9770-a377f8fddff7\", \"createdAt\": \"2022-04-27T15:40:41.825Z\", \"updatedAt\": \"2022-04-27T15:40:41.825Z\", \"createdById\": \"ff1c57e0-6917-426c-9c66-3d47a9dadecc\", \"isEncerrada\": false, \"updatedById\": \"ff1c57e0-6917-426c-9c66-3d47a9dadecc\", \"dataCerimonia\": \"2022-04-27\", \"idFunerariaId\": \"26ddb802-e82e-42bb-a634-687c199989a5\", \"responsavelId\": \"ff1c57e0-6917-426c-9c66-3d47a9dadecc\", \"nomeHomenageado\": \"Ricarda Macaes\", \"responsavelNome\": \"Maria\", \"emailResponsavel\": \"lintemaniss.matheus@gmail.com\", \"telefoneResponsavel\": \"(12) 09309-1283\"}'),('d000e50e-1419-4738-ad27-bc97371fd6b9','cerimoniaData','a5dfbcfa-f542-429f-9929-1e8d9c9c968c','857b53fd-99aa-4e3f-9770-a377f8fddff7','create','ff1c57e0-6917-426c-9c66-3d47a9dadecc','crematorio@palhoca.com.br','2022-05-01 19:00:12','{\"id\": \"a5dfbcfa-f542-429f-9929-1e8d9c9c968c\", \"nome\": \"NICOLLE \", \"email\": \"\", \"telefone\": \"48991787436\", \"tenantId\": \"857b53fd-99aa-4e3f-9770-a377f8fddff7\", \"createdAt\": \"2022-05-01T19:00:11.977Z\", \"updatedAt\": \"2022-05-01T19:00:11.977Z\", \"cerimoniaId\": \"a82e28a6-31c0-4bf4-8f4a-d4f0c5daf918\", \"createdById\": \"ff1c57e0-6917-426c-9c66-3d47a9dadecc\", \"updatedById\": \"ff1c57e0-6917-426c-9c66-3d47a9dadecc\", \"idFunerariaId\": \"26ddb802-e82e-42bb-a634-687c199989a5\"}'),('d3112c33-59cd-4cb1-8974-666b58de9728','user','ff1c57e0-6917-426c-9c66-3d47a9dadecc',NULL,'create',NULL,NULL,'2022-04-27 15:33:00','{\"id\": \"ff1c57e0-6917-426c-9c66-3d47a9dadecc\", \"email\": \"crematorio@palhoca.com.br\", \"fullName\": \"crematorio\", \"lastName\": null, \"createdAt\": \"2022-04-27T15:33:00.309Z\", \"firstName\": \"crematorio\", \"updatedAt\": \"2022-04-27T15:33:00.309Z\", \"emailVerified\": false}'),('d547dec5-5539-43cf-b142-64592e7c5705','cerimonia','85f7fd77-b8cf-4cf0-b0ba-2b834a3e8b36','857b53fd-99aa-4e3f-9770-a377f8fddff7','create','ff1c57e0-6917-426c-9c66-3d47a9dadecc','crematorio@palhoca.com.br','2022-04-29 00:39:12','{\"id\": \"85f7fd77-b8cf-4cf0-b0ba-2b834a3e8b36\", \"cpf\": \"079.953.889-26\", \"tenantId\": \"857b53fd-99aa-4e3f-9770-a377f8fddff7\", \"createdAt\": \"2022-04-29T00:39:12.062Z\", \"updatedAt\": \"2022-04-29T00:39:12.062Z\", \"createdById\": \"ff1c57e0-6917-426c-9c66-3d47a9dadecc\", \"isEncerrada\": false, \"updatedById\": \"ff1c57e0-6917-426c-9c66-3d47a9dadecc\", \"dataCerimonia\": \"2022-04-29\", \"idFunerariaId\": \"26ddb802-e82e-42bb-a634-687c199989a5\", \"responsavelId\": \"ff1c57e0-6917-426c-9c66-3d47a9dadecc\", \"nomeHomenageado\": \"JAQUELINE CLAMER\", \"responsavelNome\": \"JACKSON\", \"emailResponsavel\": \"hdsh@7f.con\", \"telefoneResponsavel\": \"(37) 3838_-____\"}'),('d60250a4-a6b4-4b7a-9058-e54a717e58e2','cerimonia','ebc82251-5ecf-45f8-ab99-a4983d8903ea','857b53fd-99aa-4e3f-9770-a377f8fddff7','update','ff1c57e0-6917-426c-9c66-3d47a9dadecc','crematorio@palhoca.com.br','2022-04-27 15:39:00','{\"id\": \"ebc82251-5ecf-45f8-ab99-a4983d8903ea\", \"cpf\": \"590.501.810-31\", \"tenantId\": \"857b53fd-99aa-4e3f-9770-a377f8fddff7\", \"createdAt\": \"2022-04-27T15:36:36.000Z\", \"deletedAt\": null, \"updatedAt\": \"2022-04-27T15:39:00.272Z\", \"importHash\": null, \"createdById\": \"ff1c57e0-6917-426c-9c66-3d47a9dadecc\", \"isEncerrada\": true, \"updatedById\": \"ff1c57e0-6917-426c-9c66-3d47a9dadecc\", \"dataCerimonia\": \"2022-04-27\", \"idFunerariaId\": null, \"responsavelId\": null, \"nomeHomenageado\": \"Joao bracno\", \"responsavelNome\": \"carla\", \"emailResponsavel\": \"lintemani.mathsus@gmail.com\", \"telefoneResponsavel\": \"(19) 98311-5050\"}'),('d62039a7-2c34-437f-8066-cc138a1e2da0','cerimoniaData','6dfd3a8f-a7ed-4d44-8f0b-00778a859da5','857b53fd-99aa-4e3f-9770-a377f8fddff7','create','56d9c8b3-6e52-4b38-aa53-d9bbd232d791','admin@teste.com.br','2022-04-20 20:48:57','{\"id\": \"6dfd3a8f-a7ed-4d44-8f0b-00778a859da5\", \"nome\": \"TTTT\", \"email\": \"GGGG\", \"telefone\": \"(65) 65___-____\", \"tenantId\": \"857b53fd-99aa-4e3f-9770-a377f8fddff7\", \"createdAt\": \"2022-04-20T20:48:56.991Z\", \"updatedAt\": \"2022-04-20T20:48:56.991Z\", \"cerimoniaId\": \"a78eace8-f956-427a-ad4b-ab6f155e74b7\", \"createdById\": \"56d9c8b3-6e52-4b38-aa53-d9bbd232d791\", \"updatedById\": \"56d9c8b3-6e52-4b38-aa53-d9bbd232d791\"}'),('d64626a0-0d45-4c5d-a437-844a6f0785cf','cerimoniaData','48611424-71ab-4413-931b-b12618477cd1','857b53fd-99aa-4e3f-9770-a377f8fddff7','create','56d9c8b3-6e52-4b38-aa53-d9bbd232d791','admin@teste.com.br','2022-04-20 21:23:30','{\"id\": \"48611424-71ab-4413-931b-b12618477cd1\", \"nome\": \"TTT\", \"email\": \"TTF\", \"telefone\": \"(26) 26___-____\", \"tenantId\": \"857b53fd-99aa-4e3f-9770-a377f8fddff7\", \"createdAt\": \"2022-04-20T21:23:30.436Z\", \"updatedAt\": \"2022-04-20T21:23:30.436Z\", \"cerimoniaId\": \"a78eace8-f956-427a-ad4b-ab6f155e74b7\", \"createdById\": \"56d9c8b3-6e52-4b38-aa53-d9bbd232d791\", \"updatedById\": \"56d9c8b3-6e52-4b38-aa53-d9bbd232d791\"}'),('dc222214-5c99-4fcb-adc2-5039f158b462','cerimonia','1bcdfb81-995c-4962-ac1e-66fb3653ba8c','857b53fd-99aa-4e3f-9770-a377f8fddff7','update','da4dd1e0-5bae-46ef-904c-7fcf30eb8eb4','email1010100@teste.net.oul','2022-04-27 13:37:38','{\"id\": \"1bcdfb81-995c-4962-ac1e-66fb3653ba8c\", \"cpf\": \"384.063.828-30\", \"tenantId\": \"857b53fd-99aa-4e3f-9770-a377f8fddff7\", \"createdAt\": \"2022-04-27T13:36:07.000Z\", \"deletedAt\": null, \"updatedAt\": \"2022-04-27T13:37:38.139Z\", \"importHash\": null, \"createdById\": \"da4dd1e0-5bae-46ef-904c-7fcf30eb8eb4\", \"isEncerrada\": true, \"updatedById\": \"da4dd1e0-5bae-46ef-904c-7fcf30eb8eb4\", \"dataCerimonia\": \"2022-04-27\", \"idFunerariaId\": \"c20ed143-d396-43c7-999d-ff2d6d5adec7\", \"responsavelId\": null, \"nomeHomenageado\": \"Galacho\", \"responsavelNome\": \"Ricardo\", \"emailResponsavel\": \"ricardo.galacho@technite.com.br\", \"telefoneResponsavel\": \"(94) 16729-96__\"}'),('ddfe7b58-93b2-4ca5-804d-8a7a101cd5c6','cerimoniaData','8d4300cc-5983-4f0c-8d6e-8a0152f92582','857b53fd-99aa-4e3f-9770-a377f8fddff7','create','ff1c57e0-6917-426c-9c66-3d47a9dadecc','crematorio@palhoca.com.br','2022-04-28 19:50:00','{\"id\": \"8d4300cc-5983-4f0c-8d6e-8a0152f92582\", \"nome\": \"GFRQAV\", \"email\": \"\", \"telefone\": \"1558089552\", \"tenantId\": \"857b53fd-99aa-4e3f-9770-a377f8fddff7\", \"createdAt\": \"2022-04-28T19:50:00.695Z\", \"updatedAt\": \"2022-04-28T19:50:00.695Z\", \"cerimoniaId\": \"1276b484-6a46-47c3-afe5-2bdfdd8fc185\", \"createdById\": \"ff1c57e0-6917-426c-9c66-3d47a9dadecc\", \"updatedById\": \"ff1c57e0-6917-426c-9c66-3d47a9dadecc\", \"idFunerariaId\": \"26ddb802-e82e-42bb-a634-687c199989a5\"}'),('df8b33c9-7cb0-4de3-9352-fb0350cc9f2f','funeraria','2068e0f3-0a78-4765-b0e2-566ddf94f484','857b53fd-99aa-4e3f-9770-a377f8fddff7','create','56d9c8b3-6e52-4b38-aa53-d9bbd232d791','admin@teste.com.br','2022-04-26 16:57:53','{\"id\": \"2068e0f3-0a78-4765-b0e2-566ddf94f484\", \"cep\": \"12235181\", \"cnpj\": \"06.974.819/0001-36\", \"email\": \"EmaildoZe@teste.oul\", \"numero\": \"123\", \"userId\": \"5bf8428b-4e74-4a72-a33d-f0ef0298688b\", \"empresa\": \"Empresa do Zé Mauro\", \"telefone\": \"(65) 45451-5155\", \"tenantId\": \"857b53fd-99aa-4e3f-9770-a377f8fddff7\", \"createdAt\": \"2022-04-26T16:57:53.589Z\", \"updatedAt\": \"2022-04-26T16:57:53.589Z\", \"complemento\": \"124141\", \"createdById\": \"56d9c8b3-6e52-4b38-aa53-d9bbd232d791\", \"responsavel\": \"Zé Mauro\", \"updatedById\": \"56d9c8b3-6e52-4b38-aa53-d9bbd232d791\"}'),('e0783a60-da43-4671-b405-b199ec476a4f','cerimoniaData','82f327cd-83f9-46cd-b1ff-9420d3fcc9f5','857b53fd-99aa-4e3f-9770-a377f8fddff7','create','ff1c57e0-6917-426c-9c66-3d47a9dadecc','crematorio@palhoca.com.br','2022-04-27 15:43:09','{\"id\": \"82f327cd-83f9-46cd-b1ff-9420d3fcc9f5\", \"nome\": \"YYYYY\", \"email\": \"\", \"telefone\": \"22222\", \"tenantId\": \"857b53fd-99aa-4e3f-9770-a377f8fddff7\", \"createdAt\": \"2022-04-27T15:43:09.259Z\", \"updatedAt\": \"2022-04-27T15:43:09.259Z\", \"cerimoniaId\": \"86899f2c-b1b7-4d78-8a8c-5cc685bae431\", \"createdById\": \"ff1c57e0-6917-426c-9c66-3d47a9dadecc\", \"updatedById\": \"ff1c57e0-6917-426c-9c66-3d47a9dadecc\", \"idFunerariaId\": \"26ddb802-e82e-42bb-a634-687c199989a5\"}'),('e133c784-7afa-4ad2-93e8-91d81478598a','cerimoniaData','b9260ed4-ddab-40ac-b803-30270e1c6eaf','857b53fd-99aa-4e3f-9770-a377f8fddff7','create','da4dd1e0-5bae-46ef-904c-7fcf30eb8eb4','email1010100@teste.net.oul','2022-04-26 16:46:23','{\"id\": \"b9260ed4-ddab-40ac-b803-30270e1c6eaf\", \"nome\": \"Presper\", \"email\": \"\", \"telefone\": \"1256987436987\", \"tenantId\": \"857b53fd-99aa-4e3f-9770-a377f8fddff7\", \"createdAt\": \"2022-04-26T16:46:23.095Z\", \"updatedAt\": \"2022-04-26T16:46:23.095Z\", \"cerimoniaId\": \"48457d21-822c-4a31-a937-c2bb77b3b295\", \"createdById\": \"da4dd1e0-5bae-46ef-904c-7fcf30eb8eb4\", \"updatedById\": \"da4dd1e0-5bae-46ef-904c-7fcf30eb8eb4\"}'),('e18231d5-94aa-4897-982b-3e2495b4411c','cerimonia','48457d21-822c-4a31-a937-c2bb77b3b295','857b53fd-99aa-4e3f-9770-a377f8fddff7','create','56d9c8b3-6e52-4b38-aa53-d9bbd232d791','admin@teste.com.br','2022-04-25 14:49:18','{\"id\": \"48457d21-822c-4a31-a937-c2bb77b3b295\", \"cpf\": \"285.838.760-53\", \"tenantId\": \"857b53fd-99aa-4e3f-9770-a377f8fddff7\", \"createdAt\": \"2022-04-25T14:49:17.855Z\", \"updatedAt\": \"2022-04-25T14:49:17.855Z\", \"createdById\": \"56d9c8b3-6e52-4b38-aa53-d9bbd232d791\", \"isEncerrada\": false, \"updatedById\": \"56d9c8b3-6e52-4b38-aa53-d9bbd232d791\", \"dataCerimonia\": \"2022-04-25\", \"responsavelId\": \"56d9c8b3-6e52-4b38-aa53-d9bbd232d791\", \"nomeHomenageado\": \"aaaaa\", \"responsavelNome\": \"285.838.760-53\", \"emailResponsavel\": \"ngjdfnsfdk@email.com\", \"telefoneResponsavel\": \"(12) 51016-0560\"}'),('e39838e4-9253-4b6b-9998-5625c8519818','cerimoniaData','79630176-3800-4304-834e-df3551bc7586','857b53fd-99aa-4e3f-9770-a377f8fddff7','create','56d9c8b3-6e52-4b38-aa53-d9bbd232d791','admin@teste.com.br','2022-04-26 14:37:49','{\"id\": \"79630176-3800-4304-834e-df3551bc7586\", \"nome\": \"GFDC\", \"email\": \"\", \"telefone\": \"147523985\", \"tenantId\": \"857b53fd-99aa-4e3f-9770-a377f8fddff7\", \"createdAt\": \"2022-04-26T14:37:49.873Z\", \"updatedAt\": \"2022-04-26T14:37:49.873Z\", \"cerimoniaId\": \"5e58b678-ef82-4d1e-94e8-f5d131f2f935\", \"createdById\": \"56d9c8b3-6e52-4b38-aa53-d9bbd232d791\", \"updatedById\": \"56d9c8b3-6e52-4b38-aa53-d9bbd232d791\"}'),('e3a6b17b-76e6-40fd-8742-168888f48102','cerimoniaData','fc02af3c-91ff-44a4-be68-48e4dbdfdfe6','857b53fd-99aa-4e3f-9770-a377f8fddff7','create','ff1c57e0-6917-426c-9c66-3d47a9dadecc','crematorio@palhoca.com.br','2022-05-02 12:45:30','{\"id\": \"fc02af3c-91ff-44a4-be68-48e4dbdfdfe6\", \"nome\": \"CRISLAINE JUVENCIO DE SOUZA\", \"email\": \"\", \"telefone\": \"48991284259\", \"tenantId\": \"857b53fd-99aa-4e3f-9770-a377f8fddff7\", \"createdAt\": \"2022-05-02T12:45:30.882Z\", \"updatedAt\": \"2022-05-02T12:45:30.882Z\", \"cerimoniaId\": \"25312516-8e28-41bf-b787-96c831e8c2b2\", \"createdById\": \"ff1c57e0-6917-426c-9c66-3d47a9dadecc\", \"updatedById\": \"ff1c57e0-6917-426c-9c66-3d47a9dadecc\", \"idFunerariaId\": \"26ddb802-e82e-42bb-a634-687c199989a5\"}'),('e5e20c29-c31f-4e70-b0f4-972ba83eec10','cerimonia','ebc82251-5ecf-45f8-ab99-a4983d8903ea','857b53fd-99aa-4e3f-9770-a377f8fddff7','create','ff1c57e0-6917-426c-9c66-3d47a9dadecc','crematorio@palhoca.com.br','2022-04-27 15:36:36','{\"id\": \"ebc82251-5ecf-45f8-ab99-a4983d8903ea\", \"cpf\": \"590.501.810-31\", \"tenantId\": \"857b53fd-99aa-4e3f-9770-a377f8fddff7\", \"createdAt\": \"2022-04-27T15:36:36.283Z\", \"updatedAt\": \"2022-04-27T15:36:36.283Z\", \"createdById\": \"ff1c57e0-6917-426c-9c66-3d47a9dadecc\", \"isEncerrada\": false, \"updatedById\": \"ff1c57e0-6917-426c-9c66-3d47a9dadecc\", \"dataCerimonia\": \"2022-04-27\", \"idFunerariaId\": null, \"responsavelId\": \"ff1c57e0-6917-426c-9c66-3d47a9dadecc\", \"nomeHomenageado\": \"Joao bracno\", \"responsavelNome\": \"carla\", \"emailResponsavel\": \"lintemani.mathsus@gmail.com\", \"telefoneResponsavel\": \"(19) 98311-5050\"}'),('e7f5d146-f3e3-4ddb-844c-b076bb327cf7','user','56d9c8b3-6e52-4b38-aa53-d9bbd232d791',NULL,'create',NULL,NULL,'2022-04-20 19:57:50','{\"id\": \"56d9c8b3-6e52-4b38-aa53-d9bbd232d791\", \"email\": \"admin@teste.com.br\", \"fullName\": \"Admin@123\", \"lastName\": null, \"createdAt\": \"2022-04-20T19:57:50.136Z\", \"firstName\": \"Admin@123\", \"updatedAt\": \"2022-04-20T19:57:50.136Z\", \"emailVerified\": false}'),('e86c8c3a-4656-4e91-994f-15d7af6bc3f1','cerimoniaData','660020e7-68b2-4242-9053-2a15c02bc360','857b53fd-99aa-4e3f-9770-a377f8fddff7','create','da4dd1e0-5bae-46ef-904c-7fcf30eb8eb4','email1010100@teste.net.oul','2022-04-26 17:47:08','{\"id\": \"660020e7-68b2-4242-9053-2a15c02bc360\", \"nome\": \"200202020\", \"email\": \"\", \"telefone\": \"(15) 21151-5151\", \"tenantId\": \"857b53fd-99aa-4e3f-9770-a377f8fddff7\", \"createdAt\": \"2022-04-26T17:47:07.597Z\", \"updatedAt\": \"2022-04-26T17:47:07.597Z\", \"cerimoniaId\": \"b323f1f2-1985-4968-a38e-6080f0403e1e\", \"createdById\": \"da4dd1e0-5bae-46ef-904c-7fcf30eb8eb4\", \"updatedById\": \"da4dd1e0-5bae-46ef-904c-7fcf30eb8eb4\", \"idFunerariaId\": \"c20ed143-d396-43c7-999d-ff2d6d5adec7\"}'),('ebcb1ffc-8b5e-4bd4-8a57-92412af297b6','cerimoniaData','1833c027-f69a-4db7-b94d-9cedbc6cdb48','857b53fd-99aa-4e3f-9770-a377f8fddff7','create','da4dd1e0-5bae-46ef-904c-7fcf30eb8eb4','email1010100@teste.net.oul','2022-04-27 17:01:08','{\"id\": \"1833c027-f69a-4db7-b94d-9cedbc6cdb48\", \"nome\": \"fbfhfgjgdj\", \"email\": \"\", \"telefone\": \"(14) 14143-5467\", \"tenantId\": \"857b53fd-99aa-4e3f-9770-a377f8fddff7\", \"createdAt\": \"2022-04-27T17:01:08.023Z\", \"updatedAt\": \"2022-04-27T17:01:08.023Z\", \"cerimoniaId\": \"4a219312-c074-4133-8b0a-b56d1a2a8882\", \"createdById\": \"da4dd1e0-5bae-46ef-904c-7fcf30eb8eb4\", \"updatedById\": \"da4dd1e0-5bae-46ef-904c-7fcf30eb8eb4\", \"idFunerariaId\": \"c20ed143-d396-43c7-999d-ff2d6d5adec7\"}'),('ebf4cdaa-1015-4b88-a0bd-3a5d241405d6','cerimonia','f1769335-ef56-4a44-9fd4-65ce3e0b87d6','857b53fd-99aa-4e3f-9770-a377f8fddff7','create','ff1c57e0-6917-426c-9c66-3d47a9dadecc','crematorio@palhoca.com.br','2022-05-13 18:33:16','{\"id\": \"f1769335-ef56-4a44-9fd4-65ce3e0b87d6\", \"cpf\": \"381.662.240-20\", \"tenantId\": \"857b53fd-99aa-4e3f-9770-a377f8fddff7\", \"createdAt\": \"2022-05-13T18:33:16.731Z\", \"updatedAt\": \"2022-05-13T18:33:16.731Z\", \"createdById\": \"ff1c57e0-6917-426c-9c66-3d47a9dadecc\", \"isEncerrada\": false, \"updatedById\": \"ff1c57e0-6917-426c-9c66-3d47a9dadecc\", \"dataCerimonia\": \"2022-05-13\", \"idFunerariaId\": \"26ddb802-e82e-42bb-a634-687c199989a5\", \"responsavelId\": \"ff1c57e0-6917-426c-9c66-3d47a9dadecc\", \"nomeHomenageado\": \"Sra Márcia Spassal Penha\", \"responsavelNome\": \"Paulo\", \"emailResponsavel\": \"crematorio@crematorio.com\", \"telefoneResponsavel\": \"(48) 99918-6953\"}'),('ef340f9a-35ba-417f-b78d-1b157926e3b6','cerimonia','f3afb925-997e-463c-9b1f-9d3fa3c12adc','857b53fd-99aa-4e3f-9770-a377f8fddff7','create','ff1c57e0-6917-426c-9c66-3d47a9dadecc','crematorio@palhoca.com.br','2022-04-27 17:27:48','{\"id\": \"f3afb925-997e-463c-9b1f-9d3fa3c12adc\", \"cpf\": \"062.966.609-10\", \"tenantId\": \"857b53fd-99aa-4e3f-9770-a377f8fddff7\", \"createdAt\": \"2022-04-27T17:27:48.813Z\", \"updatedAt\": \"2022-04-27T17:27:48.813Z\", \"createdById\": \"ff1c57e0-6917-426c-9c66-3d47a9dadecc\", \"isEncerrada\": false, \"updatedById\": \"ff1c57e0-6917-426c-9c66-3d47a9dadecc\", \"dataCerimonia\": \"2022-04-27\", \"idFunerariaId\": \"26ddb802-e82e-42bb-a634-687c199989a5\", \"responsavelId\": \"ff1c57e0-6917-426c-9c66-3d47a9dadecc\", \"nomeHomenageado\": \"Vhhasahjgxhjas\", \"responsavelNome\": \"Valquiria\", \"emailResponsavel\": \"santacatarina.matheus@gmail.com\", \"telefoneResponsavel\": \"(54) 77_27-6___\"}'),('ef3fb495-8ed3-453b-a4fd-628a2ae5fb28','cerimonia','a82e28a6-31c0-4bf4-8f4a-d4f0c5daf918','857b53fd-99aa-4e3f-9770-a377f8fddff7','create','ff1c57e0-6917-426c-9c66-3d47a9dadecc','crematorio@palhoca.com.br','2022-05-01 18:05:58','{\"id\": \"a82e28a6-31c0-4bf4-8f4a-d4f0c5daf918\", \"cpf\": \"050.288.229-80\", \"tenantId\": \"857b53fd-99aa-4e3f-9770-a377f8fddff7\", \"createdAt\": \"2022-05-01T18:05:58.522Z\", \"updatedAt\": \"2022-05-01T18:05:58.522Z\", \"createdById\": \"ff1c57e0-6917-426c-9c66-3d47a9dadecc\", \"isEncerrada\": false, \"updatedById\": \"ff1c57e0-6917-426c-9c66-3d47a9dadecc\", \"dataCerimonia\": \"2022-05-01\", \"idFunerariaId\": \"26ddb802-e82e-42bb-a634-687c199989a5\", \"responsavelId\": \"ff1c57e0-6917-426c-9c66-3d47a9dadecc\", \"nomeHomenageado\": \"JORGE ANTONIO ELEUTERIO\", \"responsavelNome\": \"WERNER PAULI ELEUTERIO\", \"emailResponsavel\": \"WERNERPAULI@hotmail.com\", \"telefoneResponsavel\": \"(48) 98408-8019\"}'),('f3559af2-3cfb-4d90-84b4-ee1c259cbc7d','cerimonia','c19d591f-1613-474e-b3c1-3874b36eafc0','857b53fd-99aa-4e3f-9770-a377f8fddff7','create','56d9c8b3-6e52-4b38-aa53-d9bbd232d791','admin@teste.com.br','2022-04-25 14:50:03','{\"id\": \"c19d591f-1613-474e-b3c1-3874b36eafc0\", \"cpf\": \"888.918.130-36\", \"tenantId\": \"857b53fd-99aa-4e3f-9770-a377f8fddff7\", \"createdAt\": \"2022-04-25T14:50:03.200Z\", \"updatedAt\": \"2022-04-25T14:50:03.200Z\", \"createdById\": \"56d9c8b3-6e52-4b38-aa53-d9bbd232d791\", \"isEncerrada\": false, \"updatedById\": \"56d9c8b3-6e52-4b38-aa53-d9bbd232d791\", \"dataCerimonia\": \"2022-04-26\", \"responsavelId\": \"56d9c8b3-6e52-4b38-aa53-d9bbd232d791\", \"nomeHomenageado\": \"5615156156\", \"responsavelNome\": \"888.918.130-36\", \"emailResponsavel\": \"eee@gmail.com\", \"telefoneResponsavel\": \"(00) 00000-0000\"}'),('f4c48333-1b25-4527-ba87-d4d52796f313','cerimoniaData','c381c838-056b-49ca-bc59-4818be67ca18','857b53fd-99aa-4e3f-9770-a377f8fddff7','create','ff1c57e0-6917-426c-9c66-3d47a9dadecc','crematorio@palhoca.com.br','2022-04-27 17:28:22','{\"id\": \"c381c838-056b-49ca-bc59-4818be67ca18\", \"nome\": \"VALQYI\", \"email\": \"\", \"telefone\": \"489917716232\", \"tenantId\": \"857b53fd-99aa-4e3f-9770-a377f8fddff7\", \"createdAt\": \"2022-04-27T17:28:22.308Z\", \"updatedAt\": \"2022-04-27T17:28:22.308Z\", \"cerimoniaId\": \"f3afb925-997e-463c-9b1f-9d3fa3c12adc\", \"createdById\": \"ff1c57e0-6917-426c-9c66-3d47a9dadecc\", \"updatedById\": \"ff1c57e0-6917-426c-9c66-3d47a9dadecc\", \"idFunerariaId\": \"26ddb802-e82e-42bb-a634-687c199989a5\"}'),('f58e9ce8-6c13-4dee-876e-fdb63268cfa6','user','19230bb9-fe9c-43e3-83e9-47f6daf1d4cd',NULL,'create',NULL,NULL,'2022-04-28 12:22:44','{\"id\": \"19230bb9-fe9c-43e3-83e9-47f6daf1d4cd\", \"email\": \"jnr0@gmail.com\", \"fullName\": null, \"lastName\": null, \"createdAt\": \"2022-04-28T12:22:44.872Z\", \"firstName\": null, \"updatedAt\": \"2022-04-28T12:22:44.872Z\", \"emailVerified\": false}'),('f8fcdb4d-2f49-4130-b347-93896ad0e9ac','cerimoniaData','225c2eb5-6724-4fb4-be6c-0879628b3ba9','857b53fd-99aa-4e3f-9770-a377f8fddff7','create','ff1c57e0-6917-426c-9c66-3d47a9dadecc','crematorio@palhoca.com.br','2022-05-02 13:15:21','{\"id\": \"225c2eb5-6724-4fb4-be6c-0879628b3ba9\", \"nome\": \"EDSON MONTEIRO DOS SANTOS\", \"email\": \"\", \"telefone\": \"48984649455\", \"tenantId\": \"857b53fd-99aa-4e3f-9770-a377f8fddff7\", \"createdAt\": \"2022-05-02T13:15:21.798Z\", \"updatedAt\": \"2022-05-02T13:15:21.798Z\", \"cerimoniaId\": \"25312516-8e28-41bf-b787-96c831e8c2b2\", \"createdById\": \"ff1c57e0-6917-426c-9c66-3d47a9dadecc\", \"updatedById\": \"ff1c57e0-6917-426c-9c66-3d47a9dadecc\", \"idFunerariaId\": \"26ddb802-e82e-42bb-a634-687c199989a5\"}'),('f96700a4-c1f9-48f9-9c43-520587e42148','cerimonia','c6798b85-8a93-4892-8431-15269b53ac87','857b53fd-99aa-4e3f-9770-a377f8fddff7','create','da4dd1e0-5bae-46ef-904c-7fcf30eb8eb4','email1010100@teste.net.oul','2022-04-26 16:49:44','{\"id\": \"c6798b85-8a93-4892-8431-15269b53ac87\", \"cpf\": \"397.086.560-38\", \"tenantId\": \"857b53fd-99aa-4e3f-9770-a377f8fddff7\", \"createdAt\": \"2022-04-26T16:49:44.446Z\", \"updatedAt\": \"2022-04-26T16:49:44.446Z\", \"createdById\": \"da4dd1e0-5bae-46ef-904c-7fcf30eb8eb4\", \"isEncerrada\": false, \"updatedById\": \"da4dd1e0-5bae-46ef-904c-7fcf30eb8eb4\", \"dataCerimonia\": \"2022-04-28\", \"idFunerariaId\": \"c20ed143-d396-43c7-999d-ff2d6d5adec7\", \"responsavelId\": \"da4dd1e0-5bae-46ef-904c-7fcf30eb8eb4\", \"nomeHomenageado\": \"Presper\", \"responsavelNome\": \"Ryan\", \"emailResponsavel\": \"Ryanzinho@teste.oul\", \"telefoneResponsavel\": \"(11) 94167-8565\"}'),('fa22e054-4710-4872-9ea7-6c5c3a5eb0e4','cerimoniaData','59f41a58-c2b3-4521-9151-e95b651432f5','857b53fd-99aa-4e3f-9770-a377f8fddff7','create','da4dd1e0-5bae-46ef-904c-7fcf30eb8eb4','email1010100@teste.net.oul','2022-04-26 17:44:38','{\"id\": \"59f41a58-c2b3-4521-9151-e95b651432f5\", \"nome\": \"7541416551\", \"email\": \"\", \"telefone\": \"(26) 21516-5151\", \"tenantId\": \"857b53fd-99aa-4e3f-9770-a377f8fddff7\", \"createdAt\": \"2022-04-26T17:44:38.028Z\", \"updatedAt\": \"2022-04-26T17:44:38.028Z\", \"cerimoniaId\": \"b323f1f2-1985-4968-a38e-6080f0403e1e\", \"createdById\": \"da4dd1e0-5bae-46ef-904c-7fcf30eb8eb4\", \"updatedById\": \"da4dd1e0-5bae-46ef-904c-7fcf30eb8eb4\"}'),('fa835dbf-19dc-4111-8a71-b14acc026c73','cerimonia','7623dea3-49c4-4e22-a968-e7abfc48537a','857b53fd-99aa-4e3f-9770-a377f8fddff7','update','da4dd1e0-5bae-46ef-904c-7fcf30eb8eb4','email1010100@teste.net.oul','2022-04-27 14:18:43','{\"id\": \"7623dea3-49c4-4e22-a968-e7abfc48537a\", \"cpf\": \"144.183.264-56\", \"tenantId\": \"857b53fd-99aa-4e3f-9770-a377f8fddff7\", \"createdAt\": \"2022-04-26T17:32:21.000Z\", \"deletedAt\": null, \"updatedAt\": \"2022-04-27T14:18:21.000Z\", \"importHash\": null, \"createdById\": \"da4dd1e0-5bae-46ef-904c-7fcf30eb8eb4\", \"isEncerrada\": true, \"updatedById\": \"da4dd1e0-5bae-46ef-904c-7fcf30eb8eb4\", \"dataCerimonia\": \"2022-04-27\", \"idFunerariaId\": \"c20ed143-d396-43c7-999d-ff2d6d5adec7\", \"responsavelId\": null, \"nomeHomenageado\": \"teste\", \"responsavelNome\": \"blabla\", \"emailResponsavel\": \"teste@teste.com\", \"telefoneResponsavel\": \"(19) 46549-4633\"}'),('fb419537-e1c9-4b33-b059-edd3691149c2','cerimoniaData','f8f964d5-0689-4f8c-93ec-7e15a9b185d5','857b53fd-99aa-4e3f-9770-a377f8fddff7','create','ff1c57e0-6917-426c-9c66-3d47a9dadecc','crematorio@palhoca.com.br','2022-04-27 15:37:01','{\"id\": \"f8f964d5-0689-4f8c-93ec-7e15a9b185d5\", \"nome\": \"NFDEWSXR\", \"email\": \"\", \"telefone\": \"2548999\", \"tenantId\": \"857b53fd-99aa-4e3f-9770-a377f8fddff7\", \"createdAt\": \"2022-04-27T15:37:01.726Z\", \"updatedAt\": \"2022-04-27T15:37:01.726Z\", \"cerimoniaId\": \"ebc82251-5ecf-45f8-ab99-a4983d8903ea\", \"createdById\": \"ff1c57e0-6917-426c-9c66-3d47a9dadecc\", \"updatedById\": \"ff1c57e0-6917-426c-9c66-3d47a9dadecc\", \"idFunerariaId\": \"26ddb802-e82e-42bb-a634-687c199989a5\"}'),('fe42e007-ffa6-498b-a80d-041d87b8355a','cerimoniaData','54e3e264-5f21-409d-85c1-73c3c31bb12f','857b53fd-99aa-4e3f-9770-a377f8fddff7','create','ff1c57e0-6917-426c-9c66-3d47a9dadecc','crematorio@palhoca.com.br','2022-05-02 12:09:12','{\"id\": \"54e3e264-5f21-409d-85c1-73c3c31bb12f\", \"nome\": \"AMANDA BOTELHO DE SOUZA\", \"email\": \"\", \"telefone\": \"48984751919\", \"tenantId\": \"857b53fd-99aa-4e3f-9770-a377f8fddff7\", \"createdAt\": \"2022-05-02T12:09:12.872Z\", \"updatedAt\": \"2022-05-02T12:09:12.872Z\", \"cerimoniaId\": \"25312516-8e28-41bf-b787-96c831e8c2b2\", \"createdById\": \"ff1c57e0-6917-426c-9c66-3d47a9dadecc\", \"updatedById\": \"ff1c57e0-6917-426c-9c66-3d47a9dadecc\", \"idFunerariaId\": \"26ddb802-e82e-42bb-a634-687c199989a5\"}'),('ffa71c9b-7eb1-4386-b246-a5e0ac7cade8','cerimoniaData','d8b60782-41a2-4c5d-aee8-b2907dc55f58','857b53fd-99aa-4e3f-9770-a377f8fddff7','create','ff1c57e0-6917-426c-9c66-3d47a9dadecc','crematorio@palhoca.com.br','2022-05-01 18:59:16','{\"id\": \"d8b60782-41a2-4c5d-aee8-b2907dc55f58\", \"nome\": \"RAFAELA AMARAL FARIAS\", \"email\": \"\", \"telefone\": \"48999418825\", \"tenantId\": \"857b53fd-99aa-4e3f-9770-a377f8fddff7\", \"createdAt\": \"2022-05-01T18:59:16.261Z\", \"updatedAt\": \"2022-05-01T18:59:16.261Z\", \"cerimoniaId\": \"a82e28a6-31c0-4bf4-8f4a-d4f0c5daf918\", \"createdById\": \"ff1c57e0-6917-426c-9c66-3d47a9dadecc\", \"updatedById\": \"ff1c57e0-6917-426c-9c66-3d47a9dadecc\", \"idFunerariaId\": \"26ddb802-e82e-42bb-a634-687c199989a5\"}');
/*!40000 ALTER TABLE `auditlogs` ENABLE KEYS */;
UNLOCK TABLES;

--
-- Table structure for table `cerimonia`
--

DROP TABLE IF EXISTS `cerimonia`;
/*!40101 SET @saved_cs_client     = @@character_set_client */;
/*!50503 SET character_set_client = utf8mb4 */;
CREATE TABLE `cerimonia` (
  `id` char(36) CHARACTER SET utf8mb4 COLLATE utf8mb4_bin NOT NULL,
  `nomeHomenageado` text NOT NULL,
  `cpf` varchar(250) NOT NULL,
  `dataCerimonia` date NOT NULL,
  `responsavelNome` text NOT NULL,
  `telefoneResponsavel` text NOT NULL,
  `emailResponsavel` text NOT NULL,
  `importHash` varchar(255) DEFAULT NULL,
  `isEncerrada` tinyint(1) DEFAULT '0',
  `createdAt` datetime NOT NULL,
  `updatedAt` datetime NOT NULL,
  `deletedAt` datetime DEFAULT NULL,
  `responsavelId` char(36) CHARACTER SET utf8mb4 COLLATE utf8mb4_bin DEFAULT NULL,
  `tenantId` char(36) CHARACTER SET utf8mb4 COLLATE utf8mb4_bin NOT NULL,
  `createdById` char(36) CHARACTER SET utf8mb4 COLLATE utf8mb4_bin DEFAULT NULL,
  `updatedById` char(36) CHARACTER SET utf8mb4 COLLATE utf8mb4_bin DEFAULT NULL,
  `idFunerariaId` char(36) CHARACTER SET utf8mb4 COLLATE utf8mb4_bin DEFAULT NULL,
  PRIMARY KEY (`id`),
  UNIQUE KEY `cerimonia_cpf_tenant_id` (`cpf`,`tenantId`),
  UNIQUE KEY `cerimonia_import_hash_tenant_id` (`importHash`,`tenantId`),
  KEY `responsavelId` (`responsavelId`),
  KEY `tenantId` (`tenantId`),
  KEY `createdById` (`createdById`),
  KEY `updatedById` (`updatedById`),
  CONSTRAINT `cerimonia_ibfk_13` FOREIGN KEY (`responsavelId`) REFERENCES `users` (`id`) ON DELETE SET NULL ON UPDATE CASCADE,
  CONSTRAINT `cerimonia_ibfk_14` FOREIGN KEY (`tenantId`) REFERENCES `tenants` (`id`) ON UPDATE CASCADE,
  CONSTRAINT `cerimonia_ibfk_15` FOREIGN KEY (`createdById`) REFERENCES `users` (`id`) ON DELETE SET NULL ON UPDATE CASCADE,
  CONSTRAINT `cerimonia_ibfk_16` FOREIGN KEY (`updatedById`) REFERENCES `users` (`id`) ON DELETE SET NULL ON UPDATE CASCADE
) ENGINE=InnoDB DEFAULT CHARSET=utf8mb4 COLLATE=utf8mb4_0900_ai_ci;
/*!40101 SET character_set_client = @saved_cs_client */;

--
-- Dumping data for table `cerimonia`
--

LOCK TABLES `cerimonia` WRITE;
/*!40000 ALTER TABLE `cerimonia` DISABLE KEYS */;
INSERT INTO `cerimonia` VALUES ('0e0f788f-87d8-4baf-af0f-6d722f9c0fe4','JOSE JOAO MAFRA','712.959.509-44','2022-05-13','LUANA MARIA MAFRA','(48) 98407-8760','LUANAMAFRA@HOTMAIL.COM',NULL,1,'2022-05-13 11:00:57','2022-05-13 16:18:15',NULL,NULL,'857b53fd-99aa-4e3f-9770-a377f8fddff7','ff1c57e0-6917-426c-9c66-3d47a9dadecc','ff1c57e0-6917-426c-9c66-3d47a9dadecc','26ddb802-e82e-42bb-a634-687c199989a5'),('1276b484-6a46-47c3-afe5-2bdfdd8fc185','VERONICA MAÇANEIRO','733.045.819-87','2022-04-28','CLAUDIO DA SILVA','(48) 99601-3103','palhoca@crematoriocatarinense.com.br',NULL,1,'2022-04-28 11:40:03','2022-04-28 21:42:42',NULL,NULL,'857b53fd-99aa-4e3f-9770-a377f8fddff7','ff1c57e0-6917-426c-9c66-3d47a9dadecc','ff1c57e0-6917-426c-9c66-3d47a9dadecc','26ddb802-e82e-42bb-a634-687c199989a5'),('1bcdfb81-995c-4962-ac1e-66fb3653ba8c','Galacho','384.063.828-30','2022-04-27','Ricardo','(94) 16729-96__','ricardo.galacho@technite.com.br',NULL,1,'2022-04-27 13:36:07','2022-04-27 13:37:38',NULL,NULL,'857b53fd-99aa-4e3f-9770-a377f8fddff7','da4dd1e0-5bae-46ef-904c-7fcf30eb8eb4','da4dd1e0-5bae-46ef-904c-7fcf30eb8eb4','c20ed143-d396-43c7-999d-ff2d6d5adec7'),('1f2225c3-dde7-44ea-a4e2-26ae69484ccf','Ryan Gosli','640.111.100-35','2022-04-28','Evaldinho','(12) 95972-0344','jnr0444@gmail.com',NULL,0,'2022-04-28 13:29:25','2022-04-28 13:29:25',NULL,'103c8a49-a4c4-4fb0-89c2-b17ce5d14ba4','857b53fd-99aa-4e3f-9770-a377f8fddff7','103c8a49-a4c4-4fb0-89c2-b17ce5d14ba4','103c8a49-a4c4-4fb0-89c2-b17ce5d14ba4',NULL),('25312516-8e28-41bf-b787-96c831e8c2b2','JOAO FRANCISCO DE SOUZA','314.677.927-72','2022-05-02','ALEX JUVENCIO DE SOUZA','(48) 99972-9170','palhoca@crematoriocatarinense.com.br',NULL,0,'2022-05-02 11:19:19','2022-05-02 11:19:19',NULL,'ff1c57e0-6917-426c-9c66-3d47a9dadecc','857b53fd-99aa-4e3f-9770-a377f8fddff7','ff1c57e0-6917-426c-9c66-3d47a9dadecc','ff1c57e0-6917-426c-9c66-3d47a9dadecc','26ddb802-e82e-42bb-a634-687c199989a5'),('46b8af2c-671f-4ce8-b16f-5558ffea8791','Estanislau Euclides','455.158.759-15','2022-04-27','Jane Marcia dos Santos','(48) 99958-3589','palhoca@crematoriocatarinense.com.br',NULL,0,'2022-04-27 17:25:22','2022-04-27 17:25:22',NULL,'ff1c57e0-6917-426c-9c66-3d47a9dadecc','857b53fd-99aa-4e3f-9770-a377f8fddff7','ff1c57e0-6917-426c-9c66-3d47a9dadecc','ff1c57e0-6917-426c-9c66-3d47a9dadecc','26ddb802-e82e-42bb-a634-687c199989a5'),('48457d21-822c-4a31-a937-c2bb77b3b295','aaaaa','285.838.760-53','2022-04-25','285.838.760-53','(12) 51016-0560','ngjdfnsfdk@email.com',NULL,0,'2022-04-25 14:49:17','2022-04-25 14:49:17',NULL,'56d9c8b3-6e52-4b38-aa53-d9bbd232d791','857b53fd-99aa-4e3f-9770-a377f8fddff7','56d9c8b3-6e52-4b38-aa53-d9bbd232d791','56d9c8b3-6e52-4b38-aa53-d9bbd232d791',NULL),('4a219312-c074-4133-8b0a-b56d1a2a8882','RicardoGalacho','607.308.430-76','2022-04-27','Rcardo','(11) 11212-1222','1212121212',NULL,1,'2022-04-27 17:00:44','2022-04-27 17:03:09',NULL,NULL,'857b53fd-99aa-4e3f-9770-a377f8fddff7','da4dd1e0-5bae-46ef-904c-7fcf30eb8eb4','da4dd1e0-5bae-46ef-904c-7fcf30eb8eb4','c20ed143-d396-43c7-999d-ff2d6d5adec7'),('5e58b678-ef82-4d1e-94e8-f5d131f2f935','aaaaaaaaaaaa','771.010.770-21','2022-04-28','77101077021','(77) 77777-7777','teste@a.com',NULL,0,'2022-04-26 14:30:11','2022-04-26 14:30:11',NULL,'da4dd1e0-5bae-46ef-904c-7fcf30eb8eb4','857b53fd-99aa-4e3f-9770-a377f8fddff7','da4dd1e0-5bae-46ef-904c-7fcf30eb8eb4','da4dd1e0-5bae-46ef-904c-7fcf30eb8eb4',NULL),('702cab4f-545d-45a8-9ebc-ec5e8fb60f56','JORGE ANTONIO ELEOTERIO','561.301.479-53','2022-05-01','WERNER PAULI ELEOTERIO','(48) 98408-8019','WERNERPAULI@HOTMAIL.COM',NULL,1,'2022-05-01 17:58:40','2022-05-01 18:04:23',NULL,NULL,'857b53fd-99aa-4e3f-9770-a377f8fddff7','ff1c57e0-6917-426c-9c66-3d47a9dadecc','ff1c57e0-6917-426c-9c66-3d47a9dadecc','26ddb802-e82e-42bb-a634-687c199989a5'),('7623dea3-49c4-4e22-a968-e7abfc48537a','teste','144.183.264-56','2022-04-27','blabla','(19) 46549-4633','teste@teste.com',NULL,1,'2022-04-26 17:32:21','2022-04-27 14:18:21',NULL,NULL,'857b53fd-99aa-4e3f-9770-a377f8fddff7','da4dd1e0-5bae-46ef-904c-7fcf30eb8eb4','da4dd1e0-5bae-46ef-904c-7fcf30eb8eb4','c20ed143-d396-43c7-999d-ff2d6d5adec7'),('78a13374-3b09-4140-9ca4-8515d26b2e6a','Arno Sulis','021.861.959-68','2022-04-29','Roger','(48) 99669-9028','mikhsulir@gmail.com',NULL,0,'2022-04-29 12:29:50','2022-04-29 12:29:50',NULL,'ff1c57e0-6917-426c-9c66-3d47a9dadecc','857b53fd-99aa-4e3f-9770-a377f8fddff7','ff1c57e0-6917-426c-9c66-3d47a9dadecc','ff1c57e0-6917-426c-9c66-3d47a9dadecc','26ddb802-e82e-42bb-a634-687c199989a5'),('7a1ba947-537a-47a5-9c94-6216bbaf37b7','Ricarda Macaes','804.852.000-15','2022-04-27','Maria','(12) 09309-1283','lintemaniss.matheus@gmail.com',NULL,0,'2022-04-27 15:40:41','2022-04-27 15:40:41',NULL,'ff1c57e0-6917-426c-9c66-3d47a9dadecc','857b53fd-99aa-4e3f-9770-a377f8fddff7','ff1c57e0-6917-426c-9c66-3d47a9dadecc','ff1c57e0-6917-426c-9c66-3d47a9dadecc','26ddb802-e82e-42bb-a634-687c199989a5'),('828b393d-e328-44f2-ba5a-b46ec443ee2c','nometeste','935.018.790-67','2022-04-22','Admin@123','','admin@teste.com.br',NULL,0,'2022-04-20 20:02:13','2022-04-20 20:02:13',NULL,'56d9c8b3-6e52-4b38-aa53-d9bbd232d791','857b53fd-99aa-4e3f-9770-a377f8fddff7','56d9c8b3-6e52-4b38-aa53-d9bbd232d791','56d9c8b3-6e52-4b38-aa53-d9bbd232d791',NULL),('8454edf1-85db-4c54-9936-54a4dbb0d67f','Estanislau Euclides dos Santos','096.237.019-34','2022-04-27','Jane Marcia dos Santos','(48) 99958-3589','palhoca@crematoriocatarinense.com.br',NULL,1,'2022-04-27 17:20:46','2022-04-27 17:22:13',NULL,NULL,'857b53fd-99aa-4e3f-9770-a377f8fddff7','ff1c57e0-6917-426c-9c66-3d47a9dadecc','ff1c57e0-6917-426c-9c66-3d47a9dadecc','26ddb802-e82e-42bb-a634-687c199989a5'),('85f7fd77-b8cf-4cf0-b0ba-2b834a3e8b36','JAQUELINE CLAMER','079.953.889-26','2022-04-29','JACKSON','(37) 3838_-____','hdsh@7f.con',NULL,0,'2022-04-29 00:39:12','2022-04-29 00:39:12',NULL,'ff1c57e0-6917-426c-9c66-3d47a9dadecc','857b53fd-99aa-4e3f-9770-a377f8fddff7','ff1c57e0-6917-426c-9c66-3d47a9dadecc','ff1c57e0-6917-426c-9c66-3d47a9dadecc','26ddb802-e82e-42bb-a634-687c199989a5'),('86899f2c-b1b7-4d78-8a8c-5cc685bae431','pedro belza','337.659.260-86','2022-04-27','carlaa','(23) 13213-1231','dasda@gas.com',NULL,0,'2022-04-27 15:42:48','2022-04-27 15:42:48',NULL,'ff1c57e0-6917-426c-9c66-3d47a9dadecc','857b53fd-99aa-4e3f-9770-a377f8fddff7','ff1c57e0-6917-426c-9c66-3d47a9dadecc','ff1c57e0-6917-426c-9c66-3d47a9dadecc','26ddb802-e82e-42bb-a634-687c199989a5'),('8ce1fc05-a88f-4cef-9c27-1b3d1ca84e70','6565','686.005.080-29','2022-04-21','Admin@123','','admin@teste.com.br',NULL,1,'2022-04-20 21:24:47','2022-04-20 21:25:34',NULL,NULL,'857b53fd-99aa-4e3f-9770-a377f8fddff7','56d9c8b3-6e52-4b38-aa53-d9bbd232d791','56d9c8b3-6e52-4b38-aa53-d9bbd232d791',NULL),('a78eace8-f956-427a-ad4b-ab6f155e74b7','João da Silva','453.926.538-55','2022-04-21','Admin@123','','admin@teste.com.br',NULL,1,'2022-04-20 20:43:01','2022-04-20 21:25:49',NULL,NULL,'857b53fd-99aa-4e3f-9770-a377f8fddff7','56d9c8b3-6e52-4b38-aa53-d9bbd232d791','56d9c8b3-6e52-4b38-aa53-d9bbd232d791',NULL),('a82e28a6-31c0-4bf4-8f4a-d4f0c5daf918','JORGE ANTONIO ELEUTERIO','050.288.229-80','2022-05-01','WERNER PAULI ELEUTERIO','(48) 98408-8019','WERNERPAULI@hotmail.com',NULL,0,'2022-05-01 18:05:58','2022-05-01 18:05:58',NULL,'ff1c57e0-6917-426c-9c66-3d47a9dadecc','857b53fd-99aa-4e3f-9770-a377f8fddff7','ff1c57e0-6917-426c-9c66-3d47a9dadecc','ff1c57e0-6917-426c-9c66-3d47a9dadecc','26ddb802-e82e-42bb-a634-687c199989a5'),('b323f1f2-1985-4968-a38e-6080f0403e1e','Jotinha','156.170.460-12','2022-04-26','Beatriz','(54) 54881-8133','beatriz@teste.oul',NULL,0,'2022-04-26 16:54:28','2022-04-26 16:54:28',NULL,'da4dd1e0-5bae-46ef-904c-7fcf30eb8eb4','857b53fd-99aa-4e3f-9770-a377f8fddff7','da4dd1e0-5bae-46ef-904c-7fcf30eb8eb4','da4dd1e0-5bae-46ef-904c-7fcf30eb8eb4','c20ed143-d396-43c7-999d-ff2d6d5adec7'),('c19d591f-1613-474e-b3c1-3874b36eafc0','5615156156','888.918.130-36','2022-04-26','888.918.130-36','(00) 00000-0000','eee@gmail.com',NULL,0,'2022-04-25 14:50:03','2022-04-25 14:50:03',NULL,'56d9c8b3-6e52-4b38-aa53-d9bbd232d791','857b53fd-99aa-4e3f-9770-a377f8fddff7','56d9c8b3-6e52-4b38-aa53-d9bbd232d791','56d9c8b3-6e52-4b38-aa53-d9bbd232d791',NULL),('c6798b85-8a93-4892-8431-15269b53ac87','Presper','397.086.560-38','2022-04-28','Ryan','(11) 94167-8565','Ryanzinho@teste.oul',NULL,0,'2022-04-26 16:49:44','2022-04-26 16:49:44',NULL,'da4dd1e0-5bae-46ef-904c-7fcf30eb8eb4','857b53fd-99aa-4e3f-9770-a377f8fddff7','da4dd1e0-5bae-46ef-904c-7fcf30eb8eb4','da4dd1e0-5bae-46ef-904c-7fcf30eb8eb4','c20ed143-d396-43c7-999d-ff2d6d5adec7'),('d405cf73-0648-4641-a764-808899d3ad9e','joao costa','379.307.110-30','2022-04-26','carla','(19) 98311-5952','asda@gmail.com',NULL,0,'2022-04-25 19:18:41','2022-04-25 19:18:41',NULL,'56d9c8b3-6e52-4b38-aa53-d9bbd232d791','857b53fd-99aa-4e3f-9770-a377f8fddff7','56d9c8b3-6e52-4b38-aa53-d9bbd232d791','56d9c8b3-6e52-4b38-aa53-d9bbd232d791',NULL),('dd21565d-5c3e-41c5-bcb1-97f26a7fd577','pedro','078.703.910-18','2022-04-27','dasd asd','(12) 3213_-____','adklasmdkas@fsao.com',NULL,0,'2022-04-27 15:44:08','2022-04-27 15:44:08',NULL,'ff1c57e0-6917-426c-9c66-3d47a9dadecc','857b53fd-99aa-4e3f-9770-a377f8fddff7','ff1c57e0-6917-426c-9c66-3d47a9dadecc','ff1c57e0-6917-426c-9c66-3d47a9dadecc','26ddb802-e82e-42bb-a634-687c199989a5'),('e24dfcb1-952a-43dc-84cf-a75886c9b1e9','Ryan gosli ','026.777.860-01','2022-04-28','Baby ryan ','(12) 99898-9898','baby.ryan@orkut.net',NULL,0,'2022-04-28 15:50:35','2022-04-28 15:50:35',NULL,'103c8a49-a4c4-4fb0-89c2-b17ce5d14ba4','857b53fd-99aa-4e3f-9770-a377f8fddff7','103c8a49-a4c4-4fb0-89c2-b17ce5d14ba4','103c8a49-a4c4-4fb0-89c2-b17ce5d14ba4',NULL),('e49903f0-f451-4b40-9c2f-36af6ebaadf0','Ryan ','049.814.102-04','2022-04-28','Evaldinho','(12) 99898-2304','jnr0444@gmail.com',NULL,0,'2022-04-28 14:26:11','2022-04-28 14:26:11',NULL,'103c8a49-a4c4-4fb0-89c2-b17ce5d14ba4','857b53fd-99aa-4e3f-9770-a377f8fddff7','103c8a49-a4c4-4fb0-89c2-b17ce5d14ba4','103c8a49-a4c4-4fb0-89c2-b17ce5d14ba4',NULL),('ebc82251-5ecf-45f8-ab99-a4983d8903ea','Joao bracno','590.501.810-31','2022-04-27','carla','(19) 98311-5050','lintemani.mathsus@gmail.com',NULL,1,'2022-04-27 15:36:36','2022-04-27 15:39:00',NULL,NULL,'857b53fd-99aa-4e3f-9770-a377f8fddff7','ff1c57e0-6917-426c-9c66-3d47a9dadecc','ff1c57e0-6917-426c-9c66-3d47a9dadecc',NULL),('ed53f976-2c89-4aed-807f-ccef3a9aff26','MATHEUS','069.221.520-42','2022-04-21','Admin@123','','admin@teste.com.br',NULL,0,'2022-04-20 20:03:47','2022-04-20 20:03:47',NULL,'56d9c8b3-6e52-4b38-aa53-d9bbd232d791','857b53fd-99aa-4e3f-9770-a377f8fddff7','56d9c8b3-6e52-4b38-aa53-d9bbd232d791','56d9c8b3-6e52-4b38-aa53-d9bbd232d791',NULL),('ee190f4e-3268-43e7-ae5e-ce5a17475f34','joão','040.229.460-24','2022-04-21','Admin@123','','admin@teste.com.br',NULL,0,'2022-04-20 20:17:46','2022-04-20 20:17:46',NULL,'56d9c8b3-6e52-4b38-aa53-d9bbd232d791','857b53fd-99aa-4e3f-9770-a377f8fddff7','56d9c8b3-6e52-4b38-aa53-d9bbd232d791','56d9c8b3-6e52-4b38-aa53-d9bbd232d791',NULL),('efc25c77-a5c4-45eb-8a17-8c2c0427701c','Beatriz','001.770.510-00','2022-04-27','ricardo','(94) 16729-96__','ricardo.galacho@technite.com.br',NULL,1,'2022-04-27 13:42:30','2022-04-27 13:44:47',NULL,NULL,'857b53fd-99aa-4e3f-9770-a377f8fddff7','da4dd1e0-5bae-46ef-904c-7fcf30eb8eb4','da4dd1e0-5bae-46ef-904c-7fcf30eb8eb4','c20ed143-d396-43c7-999d-ff2d6d5adec7'),('f1769335-ef56-4a44-9fd4-65ce3e0b87d6','Sra Márcia Spassal Penha','381.662.240-20','2022-05-13','Paulo','(48) 99918-6953','crematorio@crematorio.com',NULL,0,'2022-05-13 18:33:16','2022-05-13 18:33:16',NULL,'ff1c57e0-6917-426c-9c66-3d47a9dadecc','857b53fd-99aa-4e3f-9770-a377f8fddff7','ff1c57e0-6917-426c-9c66-3d47a9dadecc','ff1c57e0-6917-426c-9c66-3d47a9dadecc','26ddb802-e82e-42bb-a634-687c199989a5'),('f3afb925-997e-463c-9b1f-9d3fa3c12adc','Vhhasahjgxhjas','062.966.609-10','2022-04-27','Valquiria','(54) 77_27-6___','santacatarina.matheus@gmail.com',NULL,1,'2022-04-27 17:27:48','2022-04-27 17:28:30',NULL,NULL,'857b53fd-99aa-4e3f-9770-a377f8fddff7','ff1c57e0-6917-426c-9c66-3d47a9dadecc','ff1c57e0-6917-426c-9c66-3d47a9dadecc','26ddb802-e82e-42bb-a634-687c199989a5'),('fb775e34-d186-42b9-abc9-0774d3462d16','joao','913.866.870-06','2022-04-26','matheus','(55) 55555-____','lintemani.matheus@gmail.com',NULL,0,'2022-04-26 15:10:56','2022-04-26 15:10:56',NULL,'330b3fa3-b3cd-4a0a-be3b-cb753e7e7180','857b53fd-99aa-4e3f-9770-a377f8fddff7','330b3fa3-b3cd-4a0a-be3b-cb753e7e7180','330b3fa3-b3cd-4a0a-be3b-cb753e7e7180',NULL);
/*!40000 ALTER TABLE `cerimonia` ENABLE KEYS */;
UNLOCK TABLES;

--
-- Table structure for table `cerimoniadata`
--

DROP TABLE IF EXISTS `cerimoniadata`;
/*!40101 SET @saved_cs_client     = @@character_set_client */;
/*!50503 SET character_set_client = utf8mb4 */;
CREATE TABLE `cerimoniadata` (
  `id` char(36) CHARACTER SET utf8mb4 COLLATE utf8mb4_bin NOT NULL,
  `nome` text NOT NULL,
  `email` text NOT NULL,
  `telefone` text NOT NULL,
  `importHash` varchar(255) DEFAULT NULL,
  `createdAt` datetime NOT NULL,
  `updatedAt` datetime NOT NULL,
  `deletedAt` datetime DEFAULT NULL,
  `cerimoniumId` char(36) CHARACTER SET utf8mb4 COLLATE utf8mb4_bin DEFAULT NULL,
  `cerimoniaId` char(36) CHARACTER SET utf8mb4 COLLATE utf8mb4_bin DEFAULT NULL,
  `tenantId` char(36) CHARACTER SET utf8mb4 COLLATE utf8mb4_bin NOT NULL,
  `createdById` char(36) CHARACTER SET utf8mb4 COLLATE utf8mb4_bin DEFAULT NULL,
  `updatedById` char(36) CHARACTER SET utf8mb4 COLLATE utf8mb4_bin DEFAULT NULL,
  `idFunerariaId` char(36) CHARACTER SET utf8mb4 COLLATE utf8mb4_bin DEFAULT NULL,
  PRIMARY KEY (`id`),
  UNIQUE KEY `cerimonia_data_import_hash_tenant_id` (`importHash`,`tenantId`),
  KEY `tenantId` (`tenantId`),
  KEY `createdById` (`createdById`),
  KEY `updatedById` (`updatedById`),
  CONSTRAINT `cerimoniadata_ibfk_19` FOREIGN KEY (`tenantId`) REFERENCES `tenants` (`id`) ON UPDATE CASCADE,
  CONSTRAINT `cerimoniadata_ibfk_20` FOREIGN KEY (`createdById`) REFERENCES `users` (`id`) ON DELETE SET NULL ON UPDATE CASCADE,
  CONSTRAINT `cerimoniadata_ibfk_21` FOREIGN KEY (`updatedById`) REFERENCES `users` (`id`) ON DELETE SET NULL ON UPDATE CASCADE
) ENGINE=InnoDB DEFAULT CHARSET=utf8mb4 COLLATE=utf8mb4_0900_ai_ci;
/*!40101 SET character_set_client = @saved_cs_client */;

--
-- Dumping data for table `cerimoniadata`
--

LOCK TABLES `cerimoniadata` WRITE;
/*!40000 ALTER TABLE `cerimoniadata` DISABLE KEYS */;
INSERT INTO `cerimoniadata` VALUES ('04544158-bc86-4863-980b-dedd520302bd','GFFF','','288888888888',NULL,'2022-04-26 14:34:32','2022-04-26 14:34:32',NULL,NULL,'5e58b678-ef82-4d1e-94e8-f5d131f2f935','857b53fd-99aa-4e3f-9770-a377f8fddff7','56d9c8b3-6e52-4b38-aa53-d9bbd232d791','56d9c8b3-6e52-4b38-aa53-d9bbd232d791',NULL),('0f1de0cb-9d4d-49b6-be2b-c3394afe283f','GGFFFRR','','2558888888888',NULL,'2022-04-26 15:11:19','2022-04-26 15:11:19',NULL,NULL,'fb775e34-d186-42b9-abc9-0774d3462d16','857b53fd-99aa-4e3f-9770-a377f8fddff7','330b3fa3-b3cd-4a0a-be3b-cb753e7e7180','330b3fa3-b3cd-4a0a-be3b-cb753e7e7180',NULL),('125b634f-ddb1-4cc1-859d-7326c7adedaa','TKKITD','FR','(69) 55656-5656',NULL,'2022-04-20 20:08:32','2022-04-20 20:08:32',NULL,NULL,'ed53f976-2c89-4aed-807f-ccef3a9aff26','857b53fd-99aa-4e3f-9770-a377f8fddff7','56d9c8b3-6e52-4b38-aa53-d9bbd232d791','56d9c8b3-6e52-4b38-aa53-d9bbd232d791',NULL),('13aca63c-1f21-4019-9c9f-da1112fe4f12','ricardo','','(12) 31313-1313',NULL,'2022-04-27 13:36:26','2022-04-27 13:36:26',NULL,NULL,'1bcdfb81-995c-4962-ac1e-66fb3653ba8c','857b53fd-99aa-4e3f-9770-a377f8fddff7','da4dd1e0-5bae-46ef-904c-7fcf30eb8eb4','da4dd1e0-5bae-46ef-904c-7fcf30eb8eb4','c20ed143-d396-43c7-999d-ff2d6d5adec7'),('1833c027-f69a-4db7-b94d-9cedbc6cdb48','fbfhfgjgdj','','(14) 14143-5467',NULL,'2022-04-27 17:01:08','2022-04-27 17:01:08',NULL,NULL,'4a219312-c074-4133-8b0a-b56d1a2a8882','857b53fd-99aa-4e3f-9770-a377f8fddff7','da4dd1e0-5bae-46ef-904c-7fcf30eb8eb4','da4dd1e0-5bae-46ef-904c-7fcf30eb8eb4','c20ed143-d396-43c7-999d-ff2d6d5adec7'),('1c75d2da-b60a-4240-b913-1668a5cbbb24','MARCELO PEDRO FIRMINIO','','48999166108',NULL,'2022-05-02 12:42:13','2022-05-02 12:42:13',NULL,NULL,'25312516-8e28-41bf-b787-96c831e8c2b2','857b53fd-99aa-4e3f-9770-a377f8fddff7','ff1c57e0-6917-426c-9c66-3d47a9dadecc','ff1c57e0-6917-426c-9c66-3d47a9dadecc','26ddb802-e82e-42bb-a634-687c199989a5'),('1e528ced-c0ff-4a70-9561-81c469affd5c','SANDRA','','4899938266',NULL,'2022-05-01 20:24:40','2022-05-01 20:24:40',NULL,NULL,'a82e28a6-31c0-4bf4-8f4a-d4f0c5daf918','857b53fd-99aa-4e3f-9770-a377f8fddff7','ff1c57e0-6917-426c-9c66-3d47a9dadecc','ff1c57e0-6917-426c-9c66-3d47a9dadecc','26ddb802-e82e-42bb-a634-687c199989a5'),('225c2eb5-6724-4fb4-be6c-0879628b3ba9','EDSON MONTEIRO DOS SANTOS','','48984649455',NULL,'2022-05-02 13:15:21','2022-05-02 13:15:21',NULL,NULL,'25312516-8e28-41bf-b787-96c831e8c2b2','857b53fd-99aa-4e3f-9770-a377f8fddff7','ff1c57e0-6917-426c-9c66-3d47a9dadecc','ff1c57e0-6917-426c-9c66-3d47a9dadecc','26ddb802-e82e-42bb-a634-687c199989a5'),('27fa139d-1865-4e51-a0bd-6974ef504848','WWWWWWWWWWW','','15996875200',NULL,'2022-04-28 15:54:34','2022-04-28 15:54:34',NULL,NULL,'e24dfcb1-952a-43dc-84cf-a75886c9b1e9','857b53fd-99aa-4e3f-9770-a377f8fddff7','56d9c8b3-6e52-4b38-aa53-d9bbd232d791','56d9c8b3-6e52-4b38-aa53-d9bbd232d791',''),('2a859aff-d8a1-4934-be98-b196d4453b52','RRRRRRRRR','','1111111111111',NULL,'2022-04-27 14:10:21','2022-04-27 14:10:21',NULL,NULL,'7623dea3-49c4-4e22-a968-e7abfc48537a','857b53fd-99aa-4e3f-9770-a377f8fddff7','da4dd1e0-5bae-46ef-904c-7fcf30eb8eb4','da4dd1e0-5bae-46ef-904c-7fcf30eb8eb4','c20ed143-d396-43c7-999d-ff2d6d5adec7'),('2aadab5f-3da2-4b37-af49-130d30c67bab','YYTTTRF','','55555555',NULL,'2022-04-29 23:42:09','2022-04-29 23:42:09',NULL,NULL,'78a13374-3b09-4140-9ca4-8515d26b2e6a','857b53fd-99aa-4e3f-9770-a377f8fddff7','ff1c57e0-6917-426c-9c66-3d47a9dadecc','ff1c57e0-6917-426c-9c66-3d47a9dadecc','26ddb802-e82e-42bb-a634-687c199989a5'),('2ce3422e-4842-4c6c-8592-8eff2206c875','JHESSYKA ALVES DA SILVA','','48984939190',NULL,'2022-05-02 12:08:41','2022-05-02 12:08:41',NULL,NULL,'25312516-8e28-41bf-b787-96c831e8c2b2','857b53fd-99aa-4e3f-9770-a377f8fddff7','ff1c57e0-6917-426c-9c66-3d47a9dadecc','ff1c57e0-6917-426c-9c66-3d47a9dadecc','26ddb802-e82e-42bb-a634-687c199989a5'),('40f3502f-e103-425a-ae76-e0014b7f04ae','HFGHH','','658842990',NULL,'2022-04-27 17:15:31','2022-04-27 17:15:31',NULL,NULL,'dd21565d-5c3e-41c5-bcb1-97f26a7fd577','857b53fd-99aa-4e3f-9770-a377f8fddff7','ff1c57e0-6917-426c-9c66-3d47a9dadecc','ff1c57e0-6917-426c-9c66-3d47a9dadecc','26ddb802-e82e-42bb-a634-687c199989a5'),('41aa178d-d20d-4da4-94f6-b52e9b488d4f','ricardo','','(12) 31313-1313',NULL,'2022-04-27 13:36:51','2022-04-27 13:36:51',NULL,NULL,'1bcdfb81-995c-4962-ac1e-66fb3653ba8c','857b53fd-99aa-4e3f-9770-a377f8fddff7','da4dd1e0-5bae-46ef-904c-7fcf30eb8eb4','da4dd1e0-5bae-46ef-904c-7fcf30eb8eb4','c20ed143-d396-43c7-999d-ff2d6d5adec7'),('41feed78-d91a-46da-bd9b-02f8907819a8','ALEX JUVENCIO DE SOUZA','','48999729170',NULL,'2022-05-02 12:43:08','2022-05-02 12:43:08',NULL,NULL,'25312516-8e28-41bf-b787-96c831e8c2b2','857b53fd-99aa-4e3f-9770-a377f8fddff7','ff1c57e0-6917-426c-9c66-3d47a9dadecc','ff1c57e0-6917-426c-9c66-3d47a9dadecc','26ddb802-e82e-42bb-a634-687c199989a5'),('48611424-71ab-4413-931b-b12618477cd1','TTT','TTF','(26) 26___-____',NULL,'2022-04-20 21:23:30','2022-04-20 21:23:30',NULL,NULL,'a78eace8-f956-427a-ad4b-ab6f155e74b7','857b53fd-99aa-4e3f-9770-a377f8fddff7','56d9c8b3-6e52-4b38-aa53-d9bbd232d791','56d9c8b3-6e52-4b38-aa53-d9bbd232d791',NULL),('487c35ad-5d33-4914-bc34-643e276cd62d','ricardo','','(13) 13131-3131',NULL,'2022-04-27 13:42:48','2022-04-27 13:42:48',NULL,NULL,'efc25c77-a5c4-45eb-8a17-8c2c0427701c','857b53fd-99aa-4e3f-9770-a377f8fddff7','da4dd1e0-5bae-46ef-904c-7fcf30eb8eb4','da4dd1e0-5bae-46ef-904c-7fcf30eb8eb4','c20ed143-d396-43c7-999d-ff2d6d5adec7'),('4973dd5d-c49e-471e-b8a3-6701b042d742','41658165','','(32) 10515-6151',NULL,'2022-04-28 14:34:13','2022-04-28 14:34:13',NULL,NULL,'ee190f4e-3268-43e7-ae5e-ce5a17475f34','857b53fd-99aa-4e3f-9770-a377f8fddff7','da4dd1e0-5bae-46ef-904c-7fcf30eb8eb4','da4dd1e0-5bae-46ef-904c-7fcf30eb8eb4','c20ed143-d396-43c7-999d-ff2d6d5adec7'),('4ada4ee8-c352-41b8-96c7-ca092cecc21f','AURO','','48996512243',NULL,'2022-05-01 19:00:32','2022-05-01 19:00:32',NULL,NULL,'a82e28a6-31c0-4bf4-8f4a-d4f0c5daf918','857b53fd-99aa-4e3f-9770-a377f8fddff7','ff1c57e0-6917-426c-9c66-3d47a9dadecc','ff1c57e0-6917-426c-9c66-3d47a9dadecc','26ddb802-e82e-42bb-a634-687c199989a5'),('4f2d39ab-97e9-4bed-8b77-b95813a07fa2','TTTTYN','','5552147788',NULL,'2022-04-27 15:41:11','2022-04-27 15:41:11',NULL,NULL,'7a1ba947-537a-47a5-9c94-6216bbaf37b7','857b53fd-99aa-4e3f-9770-a377f8fddff7','ff1c57e0-6917-426c-9c66-3d47a9dadecc','ff1c57e0-6917-426c-9c66-3d47a9dadecc','26ddb802-e82e-42bb-a634-687c199989a5'),('531d7c78-cae6-45b5-ad05-b065f36039b1','DGYFSD','','521885523698',NULL,'2022-04-27 17:22:00','2022-04-27 17:22:00',NULL,NULL,'8454edf1-85db-4c54-9936-54a4dbb0d67f','857b53fd-99aa-4e3f-9770-a377f8fddff7','ff1c57e0-6917-426c-9c66-3d47a9dadecc','ff1c57e0-6917-426c-9c66-3d47a9dadecc','26ddb802-e82e-42bb-a634-687c199989a5'),('53bdf55a-6611-4db6-b2d4-596d729174cf','REFYHJ','HD@RRR','(56) 654__-____',NULL,'2022-04-20 20:37:28','2022-04-20 20:37:28',NULL,NULL,NULL,'857b53fd-99aa-4e3f-9770-a377f8fddff7','56d9c8b3-6e52-4b38-aa53-d9bbd232d791','56d9c8b3-6e52-4b38-aa53-d9bbd232d791',NULL),('54e3e264-5f21-409d-85c1-73c3c31bb12f','AMANDA BOTELHO DE SOUZA','','48984751919',NULL,'2022-05-02 12:09:12','2022-05-02 12:09:12',NULL,NULL,'25312516-8e28-41bf-b787-96c831e8c2b2','857b53fd-99aa-4e3f-9770-a377f8fddff7','ff1c57e0-6917-426c-9c66-3d47a9dadecc','ff1c57e0-6917-426c-9c66-3d47a9dadecc','26ddb802-e82e-42bb-a634-687c199989a5'),('59f41a58-c2b3-4521-9151-e95b651432f5','7541416551','','(26) 21516-5151',NULL,'2022-04-26 17:44:38','2022-04-26 17:44:38',NULL,NULL,'b323f1f2-1985-4968-a38e-6080f0403e1e','857b53fd-99aa-4e3f-9770-a377f8fddff7','da4dd1e0-5bae-46ef-904c-7fcf30eb8eb4','da4dd1e0-5bae-46ef-904c-7fcf30eb8eb4',NULL),('660020e7-68b2-4242-9053-2a15c02bc360','200202020','','(15) 21151-5151',NULL,'2022-04-26 17:47:07','2022-04-26 17:47:07',NULL,NULL,'b323f1f2-1985-4968-a38e-6080f0403e1e','857b53fd-99aa-4e3f-9770-a377f8fddff7','da4dd1e0-5bae-46ef-904c-7fcf30eb8eb4','da4dd1e0-5bae-46ef-904c-7fcf30eb8eb4','c20ed143-d396-43c7-999d-ff2d6d5adec7'),('6601be25-208f-44bf-a905-f0fd824ae8ee','TRFDSZA4','TTTTFF','(56) 56565-____',NULL,'2022-04-20 20:48:43','2022-04-20 20:48:43',NULL,NULL,'a78eace8-f956-427a-ad4b-ab6f155e74b7','857b53fd-99aa-4e3f-9770-a377f8fddff7','56d9c8b3-6e52-4b38-aa53-d9bbd232d791','56d9c8b3-6e52-4b38-aa53-d9bbd232d791',NULL),('6ae9781d-dd9a-4585-9781-8f5ca12871cf','HHHHG','','555',NULL,'2022-04-27 15:44:42','2022-04-27 15:44:42',NULL,NULL,'dd21565d-5c3e-41c5-bcb1-97f26a7fd577','857b53fd-99aa-4e3f-9770-a377f8fddff7','ff1c57e0-6917-426c-9c66-3d47a9dadecc','ff1c57e0-6917-426c-9c66-3d47a9dadecc','26ddb802-e82e-42bb-a634-687c199989a5'),('6dfd3a8f-a7ed-4d44-8f0b-00778a859da5','TTTT','GGGG','(65) 65___-____',NULL,'2022-04-20 20:48:56','2022-04-20 20:48:56',NULL,NULL,'a78eace8-f956-427a-ad4b-ab6f155e74b7','857b53fd-99aa-4e3f-9770-a377f8fddff7','56d9c8b3-6e52-4b38-aa53-d9bbd232d791','56d9c8b3-6e52-4b38-aa53-d9bbd232d791',NULL),('6e388cab-c147-484a-9069-ab9a1745a7a9','MARINA NEVES FOGAÇA','','47988299982',NULL,'2022-05-13 19:16:52','2022-05-13 19:16:52',NULL,NULL,'f1769335-ef56-4a44-9fd4-65ce3e0b87d6','857b53fd-99aa-4e3f-9770-a377f8fddff7','ff1c57e0-6917-426c-9c66-3d47a9dadecc','ff1c57e0-6917-426c-9c66-3d47a9dadecc','26ddb802-e82e-42bb-a634-687c199989a5'),('75856c01-6984-4fc9-a526-a53aae204197','dsfghsfdhfghfgh','','(34) 46456-5424',NULL,'2022-04-27 17:01:18','2022-04-27 17:01:18',NULL,NULL,'4a219312-c074-4133-8b0a-b56d1a2a8882','857b53fd-99aa-4e3f-9770-a377f8fddff7','da4dd1e0-5bae-46ef-904c-7fcf30eb8eb4','da4dd1e0-5bae-46ef-904c-7fcf30eb8eb4','c20ed143-d396-43c7-999d-ff2d6d5adec7'),('791d1cc4-2189-4d0d-b71a-92eadd92d029','zxbcfhfcsfh','','(32) 41456-4642',NULL,'2022-04-27 17:02:41','2022-04-27 17:02:41',NULL,NULL,'4a219312-c074-4133-8b0a-b56d1a2a8882','857b53fd-99aa-4e3f-9770-a377f8fddff7','da4dd1e0-5bae-46ef-904c-7fcf30eb8eb4','da4dd1e0-5bae-46ef-904c-7fcf30eb8eb4','c20ed143-d396-43c7-999d-ff2d6d5adec7'),('79630176-3800-4304-834e-df3551bc7586','GFDC','','147523985',NULL,'2022-04-26 14:37:49','2022-04-26 14:37:49',NULL,NULL,'5e58b678-ef82-4d1e-94e8-f5d131f2f935','857b53fd-99aa-4e3f-9770-a377f8fddff7','56d9c8b3-6e52-4b38-aa53-d9bbd232d791','56d9c8b3-6e52-4b38-aa53-d9bbd232d791',NULL),('7f049991-9528-4f8d-a0df-6e3f62b11d1e','TEWQASXCDFV','','25870632254',NULL,'2022-04-26 16:46:49','2022-04-26 16:46:49',NULL,NULL,'48457d21-822c-4a31-a937-c2bb77b3b295','857b53fd-99aa-4e3f-9770-a377f8fddff7','da4dd1e0-5bae-46ef-904c-7fcf30eb8eb4','da4dd1e0-5bae-46ef-904c-7fcf30eb8eb4',NULL),('82f327cd-83f9-46cd-b1ff-9420d3fcc9f5','YYYYY','','22222',NULL,'2022-04-27 15:43:09','2022-04-27 15:43:09',NULL,NULL,'86899f2c-b1b7-4d78-8a8c-5cc685bae431','857b53fd-99aa-4e3f-9770-a377f8fddff7','ff1c57e0-6917-426c-9c66-3d47a9dadecc','ff1c57e0-6917-426c-9c66-3d47a9dadecc','26ddb802-e82e-42bb-a634-687c199989a5'),('839f2f42-16ea-4f60-8c8b-0927871a0f0e','QQQQQQQQQ','','11111111111111',NULL,'2022-04-26 17:39:04','2022-04-26 17:39:04',NULL,NULL,'b323f1f2-1985-4968-a38e-6080f0403e1e','857b53fd-99aa-4e3f-9770-a377f8fddff7','da4dd1e0-5bae-46ef-904c-7fcf30eb8eb4','da4dd1e0-5bae-46ef-904c-7fcf30eb8eb4',NULL),('8cd6e6be-9257-4c1a-a62d-2c87a5f0ab07','BBBB','','2555555',NULL,'2022-04-27 15:40:56','2022-04-27 15:40:56',NULL,NULL,'7a1ba947-537a-47a5-9c94-6216bbaf37b7','857b53fd-99aa-4e3f-9770-a377f8fddff7','ff1c57e0-6917-426c-9c66-3d47a9dadecc','ff1c57e0-6917-426c-9c66-3d47a9dadecc','26ddb802-e82e-42bb-a634-687c199989a5'),('8d4300cc-5983-4f0c-8d6e-8a0152f92582','GFRQAV','','1558089552',NULL,'2022-04-28 19:50:00','2022-04-28 19:50:00',NULL,NULL,'1276b484-6a46-47c3-afe5-2bdfdd8fc185','857b53fd-99aa-4e3f-9770-a377f8fddff7','ff1c57e0-6917-426c-9c66-3d47a9dadecc','ff1c57e0-6917-426c-9c66-3d47a9dadecc','26ddb802-e82e-42bb-a634-687c199989a5'),('94af375a-b0ab-418f-b274-d6997e4b44fe','WANWSS','','48991826845',NULL,'2022-04-28 21:42:23','2022-04-28 21:42:23',NULL,NULL,'1276b484-6a46-47c3-afe5-2bdfdd8fc185','857b53fd-99aa-4e3f-9770-a377f8fddff7','ff1c57e0-6917-426c-9c66-3d47a9dadecc','ff1c57e0-6917-426c-9c66-3d47a9dadecc','26ddb802-e82e-42bb-a634-687c199989a5'),('97055f91-c633-40db-8d6e-8607d348ddc6','TMMU','','1588',NULL,'2022-04-28 19:46:18','2022-04-28 19:46:18',NULL,NULL,'1276b484-6a46-47c3-afe5-2bdfdd8fc185','857b53fd-99aa-4e3f-9770-a377f8fddff7','ff1c57e0-6917-426c-9c66-3d47a9dadecc','ff1c57e0-6917-426c-9c66-3d47a9dadecc','26ddb802-e82e-42bb-a634-687c199989a5'),('9a7507e7-12a3-46f8-8aba-ae0a348b76eb','JUNIOR','','12996528445',NULL,'2022-04-28 15:33:25','2022-04-28 15:33:25',NULL,NULL,'1f2225c3-dde7-44ea-a4e2-26ae69484ccf','857b53fd-99aa-4e3f-9770-a377f8fddff7','103c8a49-a4c4-4fb0-89c2-b17ce5d14ba4','103c8a49-a4c4-4fb0-89c2-b17ce5d14ba4',NULL),('a31ecbb7-ace2-4922-876f-aa7d115b57ed','TGFDCVN','','257459999663',NULL,'2022-04-26 15:12:00','2022-04-26 15:12:00',NULL,NULL,'fb775e34-d186-42b9-abc9-0774d3462d16','857b53fd-99aa-4e3f-9770-a377f8fddff7','330b3fa3-b3cd-4a0a-be3b-cb753e7e7180','330b3fa3-b3cd-4a0a-be3b-cb753e7e7180',NULL),('a4386d70-8a98-4b21-8f07-7dafff6eb97d','15616516165','','(46) 51515-6165',NULL,'2022-04-26 17:45:35','2022-04-26 17:45:35',NULL,NULL,'b323f1f2-1985-4968-a38e-6080f0403e1e','857b53fd-99aa-4e3f-9770-a377f8fddff7','da4dd1e0-5bae-46ef-904c-7fcf30eb8eb4','da4dd1e0-5bae-46ef-904c-7fcf30eb8eb4',NULL),('a5dfbcfa-f542-429f-9929-1e8d9c9c968c','NICOLLE ','','48991787436',NULL,'2022-05-01 19:00:11','2022-05-01 19:00:11',NULL,NULL,'a82e28a6-31c0-4bf4-8f4a-d4f0c5daf918','857b53fd-99aa-4e3f-9770-a377f8fddff7','ff1c57e0-6917-426c-9c66-3d47a9dadecc','ff1c57e0-6917-426c-9c66-3d47a9dadecc','26ddb802-e82e-42bb-a634-687c199989a5'),('ab142076-2b12-4cda-b87f-741d1912f5d2','NFDEWSXR','','2548999',NULL,'2022-04-27 15:37:02','2022-04-27 15:37:02',NULL,NULL,'ebc82251-5ecf-45f8-ab99-a4983d8903ea','857b53fd-99aa-4e3f-9770-a377f8fddff7','ff1c57e0-6917-426c-9c66-3d47a9dadecc','ff1c57e0-6917-426c-9c66-3d47a9dadecc','26ddb802-e82e-42bb-a634-687c199989a5'),('b03000fb-5eca-4adf-9152-cf29d90da666','YYYYY','','555',NULL,'2022-04-27 15:43:01','2022-04-27 15:43:01',NULL,NULL,'86899f2c-b1b7-4d78-8a8c-5cc685bae431','857b53fd-99aa-4e3f-9770-a377f8fddff7','ff1c57e0-6917-426c-9c66-3d47a9dadecc','ff1c57e0-6917-426c-9c66-3d47a9dadecc','26ddb802-e82e-42bb-a634-687c199989a5'),('b24321d3-b0ca-4219-86bb-682e278c3ee4','ricardo','','(12) 31321-3131',NULL,'2022-04-27 13:36:38','2022-04-27 13:36:38',NULL,NULL,'1bcdfb81-995c-4962-ac1e-66fb3653ba8c','857b53fd-99aa-4e3f-9770-a377f8fddff7','da4dd1e0-5bae-46ef-904c-7fcf30eb8eb4','da4dd1e0-5bae-46ef-904c-7fcf30eb8eb4','c20ed143-d396-43c7-999d-ff2d6d5adec7'),('b3ab05a8-2bcd-41cc-8e92-e38e10011373','GGGG','','5214',NULL,'2022-04-27 15:37:23','2022-04-27 15:37:23',NULL,NULL,'ebc82251-5ecf-45f8-ab99-a4983d8903ea','857b53fd-99aa-4e3f-9770-a377f8fddff7','ff1c57e0-6917-426c-9c66-3d47a9dadecc','ff1c57e0-6917-426c-9c66-3d47a9dadecc','26ddb802-e82e-42bb-a634-687c199989a5'),('b418a37f-2ef5-4165-b245-fb29ac444fde','JOSEANE ALVES  BOTELHO DE SOUZA','','48996913875',NULL,'2022-05-02 12:09:49','2022-05-02 12:09:49',NULL,NULL,'25312516-8e28-41bf-b787-96c831e8c2b2','857b53fd-99aa-4e3f-9770-a377f8fddff7','ff1c57e0-6917-426c-9c66-3d47a9dadecc','ff1c57e0-6917-426c-9c66-3d47a9dadecc','26ddb802-e82e-42bb-a634-687c199989a5'),('b9260ed4-ddab-40ac-b803-30270e1c6eaf','Presper','','1256987436987',NULL,'2022-04-26 16:46:23','2022-04-26 16:46:23',NULL,NULL,'48457d21-822c-4a31-a937-c2bb77b3b295','857b53fd-99aa-4e3f-9770-a377f8fddff7','da4dd1e0-5bae-46ef-904c-7fcf30eb8eb4','da4dd1e0-5bae-46ef-904c-7fcf30eb8eb4',NULL),('bd51e46c-30a9-44d4-ba1d-cb9540787c39','EDSON MONTEIRO DOS SANTOS','','48984649455',NULL,'2022-05-02 13:15:22','2022-05-02 13:15:22',NULL,NULL,'25312516-8e28-41bf-b787-96c831e8c2b2','857b53fd-99aa-4e3f-9770-a377f8fddff7','ff1c57e0-6917-426c-9c66-3d47a9dadecc','ff1c57e0-6917-426c-9c66-3d47a9dadecc','26ddb802-e82e-42bb-a634-687c199989a5'),('c2169ab1-446a-4cc9-8358-7c4a829b6fb7','PHILIPPE BOTELHO DA SILVA','','47997407761',NULL,'2022-05-02 12:10:25','2022-05-02 12:10:25',NULL,NULL,'25312516-8e28-41bf-b787-96c831e8c2b2','857b53fd-99aa-4e3f-9770-a377f8fddff7','ff1c57e0-6917-426c-9c66-3d47a9dadecc','ff1c57e0-6917-426c-9c66-3d47a9dadecc','26ddb802-e82e-42bb-a634-687c199989a5'),('c381c838-056b-49ca-bc59-4818be67ca18','VALQYI','','489917716232',NULL,'2022-04-27 17:28:22','2022-04-27 17:28:22',NULL,NULL,'f3afb925-997e-463c-9b1f-9d3fa3c12adc','857b53fd-99aa-4e3f-9770-a377f8fddff7','ff1c57e0-6917-426c-9c66-3d47a9dadecc','ff1c57e0-6917-426c-9c66-3d47a9dadecc','26ddb802-e82e-42bb-a634-687c199989a5'),('c9a95d07-817b-429a-bdf6-8b993b71ca57','ANDRE SEIBT','','48996013926',NULL,'2022-05-01 19:15:23','2022-05-01 19:15:23',NULL,NULL,'a82e28a6-31c0-4bf4-8f4a-d4f0c5daf918','857b53fd-99aa-4e3f-9770-a377f8fddff7','ff1c57e0-6917-426c-9c66-3d47a9dadecc','ff1c57e0-6917-426c-9c66-3d47a9dadecc','26ddb802-e82e-42bb-a634-687c199989a5'),('cc6474ba-aa9e-4217-941d-5122dc57ff51','MARCIO FASBINDER','','48996402371',NULL,'2022-05-02 12:44:44','2022-05-02 12:44:44',NULL,NULL,'25312516-8e28-41bf-b787-96c831e8c2b2','857b53fd-99aa-4e3f-9770-a377f8fddff7','ff1c57e0-6917-426c-9c66-3d47a9dadecc','ff1c57e0-6917-426c-9c66-3d47a9dadecc','26ddb802-e82e-42bb-a634-687c199989a5'),('cc9629ce-9a70-4fa4-bd68-8c09cfbadae2','QQQQQQQQQQQQWWWW','','1111111111111',NULL,'2022-04-29 15:16:03','2022-04-29 15:16:03',NULL,NULL,'1f2225c3-dde7-44ea-a4e2-26ae69484ccf','857b53fd-99aa-4e3f-9770-a377f8fddff7','56d9c8b3-6e52-4b38-aa53-d9bbd232d791','56d9c8b3-6e52-4b38-aa53-d9bbd232d791',''),('ce846fab-1036-4952-b19e-6896371e70d8','dgdfdhsh','','(23) 45234-5432',NULL,'2022-04-27 17:02:30','2022-04-27 17:02:30',NULL,NULL,'4a219312-c074-4133-8b0a-b56d1a2a8882','857b53fd-99aa-4e3f-9770-a377f8fddff7','da4dd1e0-5bae-46ef-904c-7fcf30eb8eb4','da4dd1e0-5bae-46ef-904c-7fcf30eb8eb4','c20ed143-d396-43c7-999d-ff2d6d5adec7'),('d07fd478-c67e-4325-8aed-a33a5ab4c311','TTTT','','2222',NULL,'2022-04-27 15:44:23','2022-04-27 15:44:23',NULL,NULL,'dd21565d-5c3e-41c5-bcb1-97f26a7fd577','857b53fd-99aa-4e3f-9770-a377f8fddff7','ff1c57e0-6917-426c-9c66-3d47a9dadecc','ff1c57e0-6917-426c-9c66-3d47a9dadecc','26ddb802-e82e-42bb-a634-687c199989a5'),('d2dc8500-7f8e-4034-b96c-453624e73497','MARIA ELIZETE REZIN','','48984649455',NULL,'2022-05-02 13:15:58','2022-05-02 13:15:58',NULL,NULL,'25312516-8e28-41bf-b787-96c831e8c2b2','857b53fd-99aa-4e3f-9770-a377f8fddff7','ff1c57e0-6917-426c-9c66-3d47a9dadecc','ff1c57e0-6917-426c-9c66-3d47a9dadecc','26ddb802-e82e-42bb-a634-687c199989a5'),('d3ff3462-5c41-4157-99d4-06d895abf3ce','RYAN GOSLY','','12999969696',NULL,'2022-04-28 15:51:54','2022-04-28 15:51:54',NULL,NULL,'e24dfcb1-952a-43dc-84cf-a75886c9b1e9','857b53fd-99aa-4e3f-9770-a377f8fddff7','103c8a49-a4c4-4fb0-89c2-b17ce5d14ba4','103c8a49-a4c4-4fb0-89c2-b17ce5d14ba4',''),('d7d703c4-7168-4818-a6ca-5deccd4929a1','TTT','','255555',NULL,'2022-04-27 15:38:21','2022-04-27 15:38:21',NULL,NULL,'ebc82251-5ecf-45f8-ab99-a4983d8903ea','857b53fd-99aa-4e3f-9770-a377f8fddff7','ff1c57e0-6917-426c-9c66-3d47a9dadecc','ff1c57e0-6917-426c-9c66-3d47a9dadecc','26ddb802-e82e-42bb-a634-687c199989a5'),('d8b60782-41a2-4c5d-aee8-b2907dc55f58','RAFAELA AMARAL FARIAS','','48999418825',NULL,'2022-05-01 18:59:16','2022-05-01 18:59:16',NULL,NULL,'a82e28a6-31c0-4bf4-8f4a-d4f0c5daf918','857b53fd-99aa-4e3f-9770-a377f8fddff7','ff1c57e0-6917-426c-9c66-3d47a9dadecc','ff1c57e0-6917-426c-9c66-3d47a9dadecc','26ddb802-e82e-42bb-a634-687c199989a5'),('dd8ed2a1-e66c-422f-b925-c6d063e9f2b2','YYYYY','','55522222',NULL,'2022-04-27 15:44:33','2022-04-27 15:44:33',NULL,NULL,'dd21565d-5c3e-41c5-bcb1-97f26a7fd577','857b53fd-99aa-4e3f-9770-a377f8fddff7','ff1c57e0-6917-426c-9c66-3d47a9dadecc','ff1c57e0-6917-426c-9c66-3d47a9dadecc','26ddb802-e82e-42bb-a634-687c199989a5'),('e0db9aae-7984-40da-9626-4fb7422d5ce0','ROBSON GUIMARAES','','48999509332',NULL,'2022-05-01 18:58:12','2022-05-01 18:58:12',NULL,NULL,'a82e28a6-31c0-4bf4-8f4a-d4f0c5daf918','857b53fd-99aa-4e3f-9770-a377f8fddff7','ff1c57e0-6917-426c-9c66-3d47a9dadecc','ff1c57e0-6917-426c-9c66-3d47a9dadecc','26ddb802-e82e-42bb-a634-687c199989a5'),('ea939b15-2f6b-4779-8f87-8e49c611273f','MADALENA JUVENCIO DE SOUZA','','48988509562',NULL,'2022-05-02 12:47:07','2022-05-02 12:47:07',NULL,NULL,'25312516-8e28-41bf-b787-96c831e8c2b2','857b53fd-99aa-4e3f-9770-a377f8fddff7','ff1c57e0-6917-426c-9c66-3d47a9dadecc','ff1c57e0-6917-426c-9c66-3d47a9dadecc','26ddb802-e82e-42bb-a634-687c199989a5'),('f0ec6ab8-5753-481f-86d6-f0f5c1e1d58d','TWWD','TTB','(96) 65695-4654',NULL,'2022-04-20 20:48:14','2022-04-20 20:48:14',NULL,NULL,'a78eace8-f956-427a-ad4b-ab6f155e74b7','857b53fd-99aa-4e3f-9770-a377f8fddff7','56d9c8b3-6e52-4b38-aa53-d9bbd232d791','56d9c8b3-6e52-4b38-aa53-d9bbd232d791',NULL),('f707cc18-b8cc-42af-9630-4a1065b683e1','TMMU','','1588',NULL,'2022-04-28 19:46:19','2022-04-28 19:46:19',NULL,NULL,'1276b484-6a46-47c3-afe5-2bdfdd8fc185','857b53fd-99aa-4e3f-9770-a377f8fddff7','ff1c57e0-6917-426c-9c66-3d47a9dadecc','ff1c57e0-6917-426c-9c66-3d47a9dadecc','26ddb802-e82e-42bb-a634-687c199989a5'),('f8f964d5-0689-4f8c-93ec-7e15a9b185d5','NFDEWSXR','','2548999',NULL,'2022-04-27 15:37:01','2022-04-27 15:37:01',NULL,NULL,'ebc82251-5ecf-45f8-ab99-a4983d8903ea','857b53fd-99aa-4e3f-9770-a377f8fddff7','ff1c57e0-6917-426c-9c66-3d47a9dadecc','ff1c57e0-6917-426c-9c66-3d47a9dadecc','26ddb802-e82e-42bb-a634-687c199989a5'),('fc02af3c-91ff-44a4-be68-48e4dbdfdfe6','CRISLAINE JUVENCIO DE SOUZA','','48991284259',NULL,'2022-05-02 12:45:30','2022-05-02 12:45:30',NULL,NULL,'25312516-8e28-41bf-b787-96c831e8c2b2','857b53fd-99aa-4e3f-9770-a377f8fddff7','ff1c57e0-6917-426c-9c66-3d47a9dadecc','ff1c57e0-6917-426c-9c66-3d47a9dadecc','26ddb802-e82e-42bb-a634-687c199989a5'),('fc0f10ca-d5ad-4d39-b7c7-2c7927c112d9','ROSANGELA RODRIGUES WALKOWKI','','48984419812',NULL,'2022-05-01 18:09:05','2022-05-01 18:09:05',NULL,NULL,'a82e28a6-31c0-4bf4-8f4a-d4f0c5daf918','857b53fd-99aa-4e3f-9770-a377f8fddff7','ff1c57e0-6917-426c-9c66-3d47a9dadecc','ff1c57e0-6917-426c-9c66-3d47a9dadecc','26ddb802-e82e-42bb-a634-687c199989a5'),('fdd59632-4ad7-4f10-971e-604ff4bb6e4f','CAROLINE DE SOZA FASBINDER','','48988509562',NULL,'2022-05-02 12:43:55','2022-05-02 12:43:55',NULL,NULL,'25312516-8e28-41bf-b787-96c831e8c2b2','857b53fd-99aa-4e3f-9770-a377f8fddff7','ff1c57e0-6917-426c-9c66-3d47a9dadecc','ff1c57e0-6917-426c-9c66-3d47a9dadecc','26ddb802-e82e-42bb-a634-687c199989a5'),('fe372880-a035-4afe-a091-23dfe67a67e0','GGD13KHS13880JD','NCERH@RRFDT.COM','(56) 56656-5566',NULL,'2022-04-20 20:04:39','2022-04-20 20:04:39',NULL,NULL,NULL,'857b53fd-99aa-4e3f-9770-a377f8fddff7','56d9c8b3-6e52-4b38-aa53-d9bbd232d791','56d9c8b3-6e52-4b38-aa53-d9bbd232d791',NULL);
/*!40000 ALTER TABLE `cerimoniadata` ENABLE KEYS */;
UNLOCK TABLES;

--
-- Table structure for table `files`
--

DROP TABLE IF EXISTS `files`;
/*!40101 SET @saved_cs_client     = @@character_set_client */;
/*!50503 SET character_set_client = utf8mb4 */;
CREATE TABLE `files` (
  `id` char(36) CHARACTER SET utf8mb4 COLLATE utf8mb4_bin NOT NULL,
  `belongsTo` varchar(255) NOT NULL,
  `belongsToId` varchar(255) NOT NULL,
  `belongsToColumn` varchar(255) NOT NULL,
  `name` varchar(2083) NOT NULL,
  `sizeInBytes` int DEFAULT NULL,
  `privateUrl` varchar(2083) DEFAULT NULL,
  `publicUrl` varchar(2083) DEFAULT NULL,
  `createdAt` datetime NOT NULL,
  `updatedAt` datetime NOT NULL,
  `deletedAt` datetime DEFAULT NULL,
  `tenantId` char(36) CHARACTER SET utf8mb4 COLLATE utf8mb4_bin DEFAULT NULL,
  `createdById` char(36) CHARACTER SET utf8mb4 COLLATE utf8mb4_bin DEFAULT NULL,
  `updatedById` char(36) CHARACTER SET utf8mb4 COLLATE utf8mb4_bin DEFAULT NULL,
  PRIMARY KEY (`id`),
  KEY `tenantId` (`tenantId`),
  KEY `createdById` (`createdById`),
  KEY `updatedById` (`updatedById`),
  CONSTRAINT `files_ibfk_16` FOREIGN KEY (`tenantId`) REFERENCES `tenants` (`id`) ON DELETE SET NULL ON UPDATE CASCADE,
  CONSTRAINT `files_ibfk_17` FOREIGN KEY (`createdById`) REFERENCES `users` (`id`) ON DELETE SET NULL ON UPDATE CASCADE,
  CONSTRAINT `files_ibfk_18` FOREIGN KEY (`updatedById`) REFERENCES `users` (`id`) ON DELETE SET NULL ON UPDATE CASCADE
) ENGINE=InnoDB DEFAULT CHARSET=utf8mb4 COLLATE=utf8mb4_0900_ai_ci;
/*!40101 SET character_set_client = @saved_cs_client */;

--
-- Dumping data for table `files`
--

LOCK TABLES `files` WRITE;
/*!40000 ALTER TABLE `files` DISABLE KEYS */;
/*!40000 ALTER TABLE `files` ENABLE KEYS */;
UNLOCK TABLES;

--
-- Table structure for table `funeraria`
--

DROP TABLE IF EXISTS `funeraria`;
/*!40101 SET @saved_cs_client     = @@character_set_client */;
/*!50503 SET character_set_client = utf8mb4 */;
CREATE TABLE `funeraria` (
  `id` char(36) CHARACTER SET utf8mb4 COLLATE utf8mb4_bin NOT NULL,
  `nomeFuneraria` text,
  `empresa` text,
  `cnpj` text,
  `telefone` text,
  `email` text,
  `responsavel` text,
  `cep` text,
  `numero` text,
  `complemento` text,
  `importHash` varchar(255) DEFAULT NULL,
  `createdAt` datetime NOT NULL,
  `updatedAt` datetime NOT NULL,
  `deletedAt` datetime DEFAULT NULL,
  `tenantId` char(36) CHARACTER SET utf8mb4 COLLATE utf8mb4_bin NOT NULL,
  `createdById` char(36) CHARACTER SET utf8mb4 COLLATE utf8mb4_bin DEFAULT NULL,
  `updatedById` char(36) CHARACTER SET utf8mb4 COLLATE utf8mb4_bin DEFAULT NULL,
  `userId` char(36) CHARACTER SET utf8mb4 COLLATE utf8mb4_bin DEFAULT NULL,
  PRIMARY KEY (`id`),
  UNIQUE KEY `funeraria_import_hash_tenant_id` (`importHash`,`tenantId`),
  KEY `tenantId` (`tenantId`),
  KEY `createdById` (`createdById`),
  KEY `updatedById` (`updatedById`),
  KEY `userId` (`userId`),
  CONSTRAINT `funeraria_ibfk_18` FOREIGN KEY (`tenantId`) REFERENCES `tenants` (`id`) ON UPDATE CASCADE,
  CONSTRAINT `funeraria_ibfk_19` FOREIGN KEY (`createdById`) REFERENCES `users` (`id`) ON DELETE SET NULL ON UPDATE CASCADE,
  CONSTRAINT `funeraria_ibfk_20` FOREIGN KEY (`updatedById`) REFERENCES `users` (`id`) ON DELETE SET NULL ON UPDATE CASCADE,
  CONSTRAINT `funeraria_ibfk_21` FOREIGN KEY (`userId`) REFERENCES `users` (`id`) ON DELETE SET NULL ON UPDATE CASCADE
) ENGINE=InnoDB DEFAULT CHARSET=utf8mb4 COLLATE=utf8mb4_0900_ai_ci;
/*!40101 SET character_set_client = @saved_cs_client */;

--
-- Dumping data for table `funeraria`
--

LOCK TABLES `funeraria` WRITE;
/*!40000 ALTER TABLE `funeraria` DISABLE KEYS */;
INSERT INTO `funeraria` VALUES ('03d01e9d-4f0f-474a-9027-9fda49e11860',NULL,'','','(12) 99797-2034','jnr0@gmail.com','Oi','122345580','52','Rua ',NULL,'2022-04-28 12:22:46','2022-04-28 12:22:46',NULL,'857b53fd-99aa-4e3f-9770-a377f8fddff7','56d9c8b3-6e52-4b38-aa53-d9bbd232d791','56d9c8b3-6e52-4b38-aa53-d9bbd232d791','19230bb9-fe9c-43e3-83e9-47f6daf1d4cd'),('0b14c98a-8c79-444f-b9e2-69c7f8580c52',NULL,'Oi','04981410203','12997972034','jnr0444@gmail.com','123','122345580','52',NULL,NULL,'2022-04-28 12:45:16','2022-04-28 12:45:16',NULL,'857b53fd-99aa-4e3f-9770-a377f8fddff7','56d9c8b3-6e52-4b38-aa53-d9bbd232d791','56d9c8b3-6e52-4b38-aa53-d9bbd232d791',NULL),('0dc54fe4-54bd-4591-8618-8b9805a0da42',NULL,'crematório catarinense teste','31.943.413/0001-33','(45) 64___-____','teste123@123.com','mksda','5465','54','645',NULL,'2022-04-26 15:17:52','2022-04-26 15:17:52',NULL,'857b53fd-99aa-4e3f-9770-a377f8fddff7','56d9c8b3-6e52-4b38-aa53-d9bbd232d791','56d9c8b3-6e52-4b38-aa53-d9bbd232d791',NULL),('1ac2d7cd-612b-4d6b-aee9-e63bfaaf7f3f',NULL,'45541160000186','1111111111111111111','(15) 61651-6515','45541160000186@email','45541160000186','53650799','115','aaaaa',NULL,'2022-04-25 18:25:37','2022-04-25 18:46:27',NULL,'857b53fd-99aa-4e3f-9770-a377f8fddff7','56d9c8b3-6e52-4b38-aa53-d9bbd232d791','56d9c8b3-6e52-4b38-aa53-d9bbd232d791',NULL),('2068e0f3-0a78-4765-b0e2-566ddf94f484',NULL,'Empresa do Zé Mauro','06.974.819/0001-36','(65) 45451-5155','EmaildoZe@teste.oul','Zé Mauro','12235181','123','124141',NULL,'2022-04-26 16:57:53','2022-04-26 16:57:53',NULL,'857b53fd-99aa-4e3f-9770-a377f8fddff7','56d9c8b3-6e52-4b38-aa53-d9bbd232d791','56d9c8b3-6e52-4b38-aa53-d9bbd232d791','5bf8428b-4e74-4a72-a33d-f0ef0298688b'),('26ddb802-e82e-42bb-a634-687c199989a5',NULL,'crematorio','04.304.648/0001-02','(22) _____-____','crematorio@palhoca.com.br','jon','2','2','2',NULL,'2022-04-27 15:33:01','2022-04-27 15:33:01',NULL,'857b53fd-99aa-4e3f-9770-a377f8fddff7','56d9c8b3-6e52-4b38-aa53-d9bbd232d791','56d9c8b3-6e52-4b38-aa53-d9bbd232d791','ff1c57e0-6917-426c-9c66-3d47a9dadecc'),('8c40d0f9-b0e6-4491-9952-81791f7dd1e3',NULL,'crematório catarinense teste','53.451.268/0001-06','(95) 66566-5656','123@123.com','jao','13882245','1','1',NULL,'2022-04-26 15:07:59','2022-04-26 15:07:59',NULL,'857b53fd-99aa-4e3f-9770-a377f8fddff7','56d9c8b3-6e52-4b38-aa53-d9bbd232d791','56d9c8b3-6e52-4b38-aa53-d9bbd232d791',NULL),('c20ed143-d396-43c7-999d-ff2d6d5adec7',NULL,'empresateste101','00.101.010/1010-10','(12) 11111-1111','email1010100@teste.net.oul','empresateste101 dono ','11111111111','11111111111','11111111111',NULL,'2022-04-26 13:20:06','2022-04-26 13:20:06',NULL,'857b53fd-99aa-4e3f-9770-a377f8fddff7','56d9c8b3-6e52-4b38-aa53-d9bbd232d791','56d9c8b3-6e52-4b38-aa53-d9bbd232d791','da4dd1e0-5bae-46ef-904c-7fcf30eb8eb4');
/*!40000 ALTER TABLE `funeraria` ENABLE KEYS */;
UNLOCK TABLES;

--
-- Table structure for table `settings`
--

DROP TABLE IF EXISTS `settings`;
/*!40101 SET @saved_cs_client     = @@character_set_client */;
/*!50503 SET character_set_client = utf8mb4 */;
CREATE TABLE `settings` (
  `id` varchar(255) NOT NULL DEFAULT 'default',
  `theme` varchar(255) NOT NULL,
  `backgroundImageUrl` varchar(1024) DEFAULT NULL,
  `logoUrl` varchar(1024) DEFAULT NULL,
  `createdAt` datetime NOT NULL,
  `updatedAt` datetime NOT NULL,
  `deletedAt` datetime DEFAULT NULL,
  `tenantId` char(36) CHARACTER SET utf8mb4 COLLATE utf8mb4_bin NOT NULL,
  `createdById` char(36) CHARACTER SET utf8mb4 COLLATE utf8mb4_bin DEFAULT NULL,
  `updatedById` char(36) CHARACTER SET utf8mb4 COLLATE utf8mb4_bin DEFAULT NULL,
  PRIMARY KEY (`id`),
  KEY `tenantId` (`tenantId`),
  KEY `createdById` (`createdById`),
  KEY `updatedById` (`updatedById`),
  CONSTRAINT `settings_ibfk_16` FOREIGN KEY (`tenantId`) REFERENCES `tenants` (`id`) ON UPDATE CASCADE,
  CONSTRAINT `settings_ibfk_17` FOREIGN KEY (`createdById`) REFERENCES `users` (`id`) ON DELETE SET NULL ON UPDATE CASCADE,
  CONSTRAINT `settings_ibfk_18` FOREIGN KEY (`updatedById`) REFERENCES `users` (`id`) ON DELETE SET NULL ON UPDATE CASCADE
) ENGINE=InnoDB DEFAULT CHARSET=utf8mb4 COLLATE=utf8mb4_0900_ai_ci;
/*!40101 SET character_set_client = @saved_cs_client */;

--
-- Dumping data for table `settings`
--

LOCK TABLES `settings` WRITE;
/*!40000 ALTER TABLE `settings` DISABLE KEYS */;
INSERT INTO `settings` VALUES ('857b53fd-99aa-4e3f-9770-a377f8fddff7','default',NULL,NULL,'2022-04-19 21:46:26','2022-04-19 21:46:26',NULL,'857b53fd-99aa-4e3f-9770-a377f8fddff7','59be8cdf-a117-4b48-bf22-eb61ac256f4b',NULL);
/*!40000 ALTER TABLE `settings` ENABLE KEYS */;
UNLOCK TABLES;

--
-- Table structure for table `tenants`
--

DROP TABLE IF EXISTS `tenants`;
/*!40101 SET @saved_cs_client     = @@character_set_client */;
/*!50503 SET character_set_client = utf8mb4 */;
CREATE TABLE `tenants` (
  `id` char(36) CHARACTER SET utf8mb4 COLLATE utf8mb4_bin NOT NULL,
  `name` varchar(255) NOT NULL,
  `url` varchar(50) NOT NULL,
  `plan` varchar(255) NOT NULL DEFAULT 'free',
  `planStatus` varchar(255) NOT NULL DEFAULT 'active',
  `planStripeCustomerId` varchar(255) DEFAULT NULL,
  `planUserId` char(36) CHARACTER SET utf8mb4 COLLATE utf8mb4_bin DEFAULT NULL,
  `createdAt` datetime NOT NULL,
  `updatedAt` datetime NOT NULL,
  `deletedAt` datetime DEFAULT NULL,
  `createdById` char(36) CHARACTER SET utf8mb4 COLLATE utf8mb4_bin DEFAULT NULL,
  `updatedById` char(36) CHARACTER SET utf8mb4 COLLATE utf8mb4_bin DEFAULT NULL,
  PRIMARY KEY (`id`),
  UNIQUE KEY `tenants_url` (`url`),
  KEY `createdById` (`createdById`),
  KEY `updatedById` (`updatedById`),
  CONSTRAINT `tenants_ibfk_1` FOREIGN KEY (`createdById`) REFERENCES `users` (`id`) ON DELETE SET NULL ON UPDATE CASCADE,
  CONSTRAINT `tenants_ibfk_2` FOREIGN KEY (`updatedById`) REFERENCES `users` (`id`) ON DELETE SET NULL ON UPDATE CASCADE
) ENGINE=InnoDB DEFAULT CHARSET=utf8mb4 COLLATE=utf8mb4_0900_ai_ci;
/*!40101 SET character_set_client = @saved_cs_client */;

--
-- Dumping data for table `tenants`
--

LOCK TABLES `tenants` WRITE;
/*!40000 ALTER TABLE `tenants` DISABLE KEYS */;
INSERT INTO `tenants` VALUES ('857b53fd-99aa-4e3f-9770-a377f8fddff7','default','default','free','active',NULL,NULL,'2022-04-19 21:46:26','2022-04-19 21:46:26',NULL,'59be8cdf-a117-4b48-bf22-eb61ac256f4b','59be8cdf-a117-4b48-bf22-eb61ac256f4b');
/*!40000 ALTER TABLE `tenants` ENABLE KEYS */;
UNLOCK TABLES;

--
-- Table structure for table `tenantusers`
--

DROP TABLE IF EXISTS `tenantusers`;
/*!40101 SET @saved_cs_client     = @@character_set_client */;
/*!50503 SET character_set_client = utf8mb4 */;
CREATE TABLE `tenantusers` (
  `id` char(36) CHARACTER SET utf8mb4 COLLATE utf8mb4_bin NOT NULL,
  `roles` json DEFAULT NULL,
  `invitationToken` varchar(255) DEFAULT NULL,
  `status` varchar(255) NOT NULL,
  `createdAt` datetime NOT NULL,
  `updatedAt` datetime NOT NULL,
  `deletedAt` datetime DEFAULT NULL,
  `tenantId` char(36) CHARACTER SET utf8mb4 COLLATE utf8mb4_bin DEFAULT NULL,
  `userId` char(36) CHARACTER SET utf8mb4 COLLATE utf8mb4_bin NOT NULL,
  `createdById` char(36) CHARACTER SET utf8mb4 COLLATE utf8mb4_bin DEFAULT NULL,
  `updatedById` char(36) CHARACTER SET utf8mb4 COLLATE utf8mb4_bin DEFAULT NULL,
  PRIMARY KEY (`id`),
  KEY `tenantId` (`tenantId`),
  KEY `userId` (`userId`),
  KEY `createdById` (`createdById`),
  KEY `updatedById` (`updatedById`),
  CONSTRAINT `tenantusers_ibfk_21` FOREIGN KEY (`tenantId`) REFERENCES `tenants` (`id`) ON DELETE SET NULL ON UPDATE CASCADE,
  CONSTRAINT `tenantusers_ibfk_22` FOREIGN KEY (`userId`) REFERENCES `users` (`id`) ON UPDATE CASCADE,
  CONSTRAINT `tenantusers_ibfk_23` FOREIGN KEY (`createdById`) REFERENCES `users` (`id`) ON DELETE SET NULL ON UPDATE CASCADE,
  CONSTRAINT `tenantusers_ibfk_24` FOREIGN KEY (`updatedById`) REFERENCES `users` (`id`) ON DELETE SET NULL ON UPDATE CASCADE
) ENGINE=InnoDB DEFAULT CHARSET=utf8mb4 COLLATE=utf8mb4_0900_ai_ci;
/*!40101 SET character_set_client = @saved_cs_client */;

--
-- Dumping data for table `tenantusers`
--

LOCK TABLES `tenantusers` WRITE;
/*!40000 ALTER TABLE `tenantusers` DISABLE KEYS */;
INSERT INTO `tenantusers` VALUES ('0a2e68d9-680f-4a3f-9ed5-f67e81eb17c6','[\"enterprise\"]',NULL,'active','2022-04-26 16:57:53','2022-04-26 16:57:53',NULL,'857b53fd-99aa-4e3f-9770-a377f8fddff7','5bf8428b-4e74-4a72-a33d-f0ef0298688b',NULL,NULL),('6dd9020e-ba6c-48d7-9fc6-cd0e658e4efa','[\"enterprise\"]',NULL,'active','2022-04-26 17:08:58','2022-04-26 17:08:58',NULL,'857b53fd-99aa-4e3f-9770-a377f8fddff7','103c8a49-a4c4-4fb0-89c2-b17ce5d14ba4',NULL,NULL),('8a5728fc-15f8-4571-9c22-2192e0d2a27f','[\"admin\"]',NULL,'active','2022-04-20 19:57:50','2022-04-20 19:57:50',NULL,'857b53fd-99aa-4e3f-9770-a377f8fddff7','56d9c8b3-6e52-4b38-aa53-d9bbd232d791',NULL,NULL),('972d984b-9ac0-417c-9de2-c705d7356bdf','[\"enterprise\"]',NULL,'active','2022-04-27 15:33:00','2022-04-27 15:33:00',NULL,'857b53fd-99aa-4e3f-9770-a377f8fddff7','ff1c57e0-6917-426c-9c66-3d47a9dadecc',NULL,NULL),('9c74537a-6793-4d2a-a29f-4d54a81f220e','[\"enterprise\"]',NULL,'active','2022-04-26 13:20:04','2022-04-26 13:20:04',NULL,'857b53fd-99aa-4e3f-9770-a377f8fddff7','da4dd1e0-5bae-46ef-904c-7fcf30eb8eb4',NULL,NULL),('a0918069-69f1-4ba6-a82c-d939fb1020e2','[\"enterprise\"]',NULL,'active','2022-04-26 15:17:51','2022-04-26 15:17:51',NULL,'857b53fd-99aa-4e3f-9770-a377f8fddff7','ba9b7607-254a-40b0-be67-d590969fb854',NULL,NULL),('c23dad24-a75b-47cb-bdaf-1b11b282d837','[\"enterprise\"]',NULL,'active','2022-04-26 15:07:58','2022-04-26 15:07:58',NULL,'857b53fd-99aa-4e3f-9770-a377f8fddff7','330b3fa3-b3cd-4a0a-be3b-cb753e7e7180',NULL,NULL),('db312373-0156-4f0d-a669-c385869a2d58','[\"admin\"]',NULL,'active','2022-04-19 21:46:27','2022-04-19 21:46:27',NULL,'857b53fd-99aa-4e3f-9770-a377f8fddff7','59be8cdf-a117-4b48-bf22-eb61ac256f4b',NULL,NULL),('e3bd4271-705b-4e6a-b1f0-a341a48e3c5c','[\"enterprise\"]',NULL,'active','2022-04-26 11:17:39','2022-04-26 11:17:39',NULL,'857b53fd-99aa-4e3f-9770-a377f8fddff7','d675e448-7f7a-4b28-8ad3-82798fc0d09f',NULL,NULL),('ea20ab62-0dea-4fd9-9ff9-cee0bcac9dbd','[\"enterprise\"]',NULL,'active','2022-04-28 12:22:45','2022-04-28 12:22:45',NULL,'857b53fd-99aa-4e3f-9770-a377f8fddff7','19230bb9-fe9c-43e3-83e9-47f6daf1d4cd',NULL,NULL);
/*!40000 ALTER TABLE `tenantusers` ENABLE KEYS */;
UNLOCK TABLES;

--
-- Table structure for table `users`
--

DROP TABLE IF EXISTS `users`;
/*!40101 SET @saved_cs_client     = @@character_set_client */;
/*!50503 SET character_set_client = utf8mb4 */;
CREATE TABLE `users` (
  `id` char(36) CHARACTER SET utf8mb4 COLLATE utf8mb4_bin NOT NULL,
  `fullName` varchar(255) DEFAULT NULL,
  `firstName` varchar(80) DEFAULT NULL,
  `password` varchar(255) DEFAULT NULL,
  `emailVerified` tinyint(1) NOT NULL DEFAULT '0',
  `emailVerificationToken` varchar(255) DEFAULT NULL,
  `emailVerificationTokenExpiresAt` datetime DEFAULT NULL,
  `provider` varchar(255) DEFAULT NULL,
  `providerId` varchar(2024) DEFAULT NULL,
  `passwordResetToken` varchar(255) DEFAULT NULL,
  `passwordResetTokenExpiresAt` datetime DEFAULT NULL,
  `lastName` varchar(175) DEFAULT NULL,
  `phoneNumber` varchar(24) DEFAULT NULL,
  `email` varchar(255) NOT NULL,
  `jwtTokenInvalidBefore` datetime DEFAULT NULL,
  `importHash` varchar(255) DEFAULT NULL,
  `createdAt` datetime NOT NULL,
  `updatedAt` datetime NOT NULL,
  `deletedAt` datetime DEFAULT NULL,
  `createdById` char(36) CHARACTER SET utf8mb4 COLLATE utf8mb4_bin DEFAULT NULL,
  `updatedById` char(36) CHARACTER SET utf8mb4 COLLATE utf8mb4_bin DEFAULT NULL,
  PRIMARY KEY (`id`),
  UNIQUE KEY `users_email` (`email`),
  UNIQUE KEY `users_import_hash` (`importHash`),
  KEY `createdById` (`createdById`),
  KEY `updatedById` (`updatedById`),
  CONSTRAINT `users_ibfk_1` FOREIGN KEY (`createdById`) REFERENCES `users` (`id`) ON DELETE SET NULL ON UPDATE CASCADE,
  CONSTRAINT `users_ibfk_2` FOREIGN KEY (`updatedById`) REFERENCES `users` (`id`) ON DELETE SET NULL ON UPDATE CASCADE
) ENGINE=InnoDB DEFAULT CHARSET=utf8mb4 COLLATE=utf8mb4_0900_ai_ci;
/*!40101 SET character_set_client = @saved_cs_client */;

--
-- Dumping data for table `users`
--

LOCK TABLES `users` WRITE;
/*!40000 ALTER TABLE `users` DISABLE KEYS */;
INSERT INTO `users` VALUES ('103c8a49-a4c4-4fb0-89c2-b17ce5d14ba4','Ryan','Ryan','$2b$12$TDmP8asiSRlBgs2FcUjdBe/3EXlREd8kwclIZ0cX/mBfniFhdOvw.',0,NULL,NULL,NULL,NULL,NULL,NULL,NULL,NULL,'jnr0444@gmail.com',NULL,NULL,'2022-04-26 17:08:57','2022-04-26 17:08:57',NULL,NULL,NULL),('19230bb9-fe9c-43e3-83e9-47f6daf1d4cd',NULL,NULL,'$2b$12$7.Cg5fso4pj/3SjRxZzdReiIFGHdWkO7NX0DdKJ3SgxBNuTN/LWS6',0,NULL,NULL,NULL,NULL,NULL,NULL,NULL,NULL,'jnr0@gmail.com',NULL,NULL,'2022-04-28 12:22:44','2022-04-28 12:22:44',NULL,NULL,NULL),('330b3fa3-b3cd-4a0a-be3b-cb753e7e7180','crematório','crematório','$2b$12$pbzT2WiAem0mPa7T7D7C7Ofr4JXmArnfaS7HZOh3/XJTOWf.oZ92q',0,NULL,NULL,NULL,NULL,NULL,NULL,NULL,NULL,'123@123.com',NULL,NULL,'2022-04-26 15:07:58','2022-04-26 15:07:58',NULL,NULL,NULL),('56d9c8b3-6e52-4b38-aa53-d9bbd232d791','Admin@123','Admin@123','$2b$12$6Bd4/Z3REJWXN28MSVm30euXgsuJzzUqw9FCmS6EJITGphF67xAIW',0,NULL,NULL,NULL,NULL,NULL,NULL,NULL,NULL,'admin@teste.com.br',NULL,NULL,'2022-04-20 19:57:50','2022-04-20 19:57:50',NULL,NULL,NULL),('59be8cdf-a117-4b48-bf22-eb61ac256f4b','nome','nome','$2b$12$MI0gNWdOFXFx2uaBEncLfuRM3wZbh4uKz3i0wX0JtPp4aCnJtjDou',0,NULL,NULL,NULL,NULL,NULL,NULL,NULL,NULL,'email@teste.com',NULL,NULL,'2022-04-19 21:46:26','2022-04-19 21:46:26',NULL,NULL,NULL),('5bf8428b-4e74-4a72-a33d-f0ef0298688b','Empresa','Empresa','$2b$12$QhPHclHpDWz3MTsgoXl0fOgfYI94uPfWGwakO0lo.0MDcVFhIIP3C',0,NULL,NULL,NULL,NULL,NULL,NULL,NULL,NULL,'emaildoze@teste.oul',NULL,NULL,'2022-04-26 16:57:52','2022-04-26 16:57:52',NULL,NULL,NULL),('ba9b7607-254a-40b0-be67-d590969fb854','crematório','crematório','$2b$12$Gbijwjrx4DuVD4wqqInx8eUkMIQYVxz3fREuzhZ4OWfXT8/0vusOe',0,NULL,NULL,NULL,NULL,NULL,NULL,NULL,NULL,'teste123@123.com',NULL,NULL,'2022-04-26 15:17:51','2022-04-26 15:17:51',NULL,NULL,NULL),('d675e448-7f7a-4b28-8ad3-82798fc0d09f','teste','teste','$2b$12$yNZVUsqkd/SK3AUKO2cHT.s8SvgLxEqg8m9znrjYPJ2/Hoz/1BVpu',0,NULL,NULL,NULL,NULL,NULL,NULL,NULL,NULL,'teste@emailteste.net.oul',NULL,NULL,'2022-04-26 11:17:37','2022-04-26 11:17:37',NULL,NULL,NULL),('da4dd1e0-5bae-46ef-904c-7fcf30eb8eb4','empresateste101','empresateste101','$2b$12$3NBK9ihLXpFmsSsPvOpPU.uDQaaZulguVaAAk3jTIJNEt/ztqpP/e',0,NULL,NULL,NULL,NULL,NULL,NULL,NULL,NULL,'email1010100@teste.net.oul',NULL,NULL,'2022-04-26 13:20:02','2022-04-26 13:20:02',NULL,NULL,NULL),('ff1c57e0-6917-426c-9c66-3d47a9dadecc','crematorio','crematorio','$2b$12$6g.qjswXfKx95IK8MJA8BOHrKx9VrDXRjftGszXxCGQuqa5NZfN3q',0,NULL,NULL,NULL,NULL,NULL,NULL,NULL,NULL,'crematorio@palhoca.com.br',NULL,NULL,'2022-04-27 15:33:00','2022-04-27 15:33:00',NULL,NULL,NULL);
/*!40000 ALTER TABLE `users` ENABLE KEYS */;
UNLOCK TABLES;

--
-- Dumping events for database 'dataanjo'
--

--
-- Dumping routines for database 'dataanjo'
--
/*!40103 SET TIME_ZONE=@OLD_TIME_ZONE */;

/*!40101 SET SQL_MODE=@OLD_SQL_MODE */;
/*!40014 SET FOREIGN_KEY_CHECKS=@OLD_FOREIGN_KEY_CHECKS */;
/*!40014 SET UNIQUE_CHECKS=@OLD_UNIQUE_CHECKS */;
/*!40101 SET CHARACTER_SET_CLIENT=@OLD_CHARACTER_SET_CLIENT */;
/*!40101 SET CHARACTER_SET_RESULTS=@OLD_CHARACTER_SET_RESULTS */;
/*!40101 SET COLLATION_CONNECTION=@OLD_COLLATION_CONNECTION */;
/*!40111 SET SQL_NOTES=@OLD_SQL_NOTES */;

-- Dump completed on 2022-05-16 10:23:41
